Time_ms,Angle,PWM_us,Thrust_g,Voltage_V,Current_A,Power_W,Temp_C
5125,90,1000,-0.58,13.00,-0.29,-3.76,27.83
5278,90,1500,-38.41,12.99,-0.25,-3.18,27.81
5550,90,1500,7.73,12.99,-0.24,-3.14,27.82
5820,90,1500,2.36,12.99,-0.24,-3.11,27.82
6091,90,1500,1.40,12.99,-0.24,-3.08,27.82
6362,90,1500,0.56,12.99,-0.23,-3.05,27.82
6633,90,1500,0.20,12.99,-0.24,-3.12,27.82
6903,90,1500,1.20,12.99,-0.24,-3.09,27.82
7175,90,1500,3.07,12.99,-0.24,-3.06,27.82
7445,90,1500,-0.87,12.99,-0.24,-3.13,27.82
7716,90,1500,0.23,12.99,-0.24,-3.10,27.82
7987,90,1500,-0.03,12.99,-0.25,-3.26,27.82
8258,90,1500,-0.17,12.99,-0.25,-3.21,27.82
8528,90,1500,0.14,12.99,-0.24,-3.17,27.82
8800,90,1500,0.07,12.99,-0.24,-3.14,27.82
9070,90,1500,-0.20,12.99,-0.23,-3.01,27.82
9341,90,1500,0.31,12.99,-0.23,-2.98,27.82
9612,90,1500,-0.09,12.99,-0.22,-2.87,27.83
9883,90,1500,0.01,12.99,-0.22,-2.86,27.83
10153,90,1500,0.13,12.99,-0.23,-2.95,27.83
10425,90,1500,0.12,12.99,-0.23,-2.94,27.83
10695,90,1500,-0.30,12.99,-0.24,-3.12,27.83
10967,90,1500,0.18,12.99,-0.24,-3.08,27.83
11237,90,1500,-0.05,12.99,-0.24,-3.06,27.83
11507,90,1500,0.17,12.99,-0.23,-3.03,27.83
11779,90,1500,-0.32,12.99,-0.25,-3.30,27.83
12049,90,1500,0.46,12.99,-0.25,-3.25,27.83
12320,90,1500,-0.05,12.99,-0.25,-3.30,27.83
12591,90,1500,-0.07,12.99,-0.25,-3.25,27.83
12862,90,1500,0.22,12.99,-0.25,-3.20,27.83
13132,90,1500,0.19,12.99,-0.24,-3.16,27.84
13404,90,1500,-0.10,12.99,-0.25,-3.22,27.84
13674,90,1500,0.07,12.99,-0.25,-3.27,27.85
13945,90,1500,1.01,12.99,-0.26,-3.32,27.86
14216,90,1500,1.15,12.99,-0.25,-3.27,27.87
14487,90,1500,-0.25,12.99,-0.26,-3.32,27.88
14757,90,1500,-0.03,12.99,-0.27,-3.46,27.89
15299,91,1505,0.21,12.99,-0.27,-3.53,27.90
15570,91,1505,0.17,12.99,-0.27,-3.55,27.91
15841,91,1505,-0.44,12.99,-0.27,-3.57,27.90
16112,91,1505,0.08,12.99,-0.28,-3.59,27.91
16382,91,1505,0.37,12.99,-0.26,-3.42,27.91
16654,91,1505,-0.48,12.99,-0.27,-3.45,27.92
16924,91,1505,0.26,12.99,-0.27,-3.48,27.92
17196,91,1505,0.18,12.99,-0.26,-3.41,27.93
17466,91,1505,-0.15,12.99,-0.26,-3.35,27.93
17736,91,1505,0.15,12.99,-0.26,-3.39,27.93
18008,91,1505,0.00,12.99,-0.26,-3.43,27.94
18278,91,1505,0.04,12.99,-0.25,-3.27,27.94
18549,91,1505,0.10,12.99,-0.25,-3.22,27.94
18820,91,1505,-0.06,12.99,-0.25,-3.28,27.94
19091,91,1505,-0.10,12.99,-0.26,-3.42,27.95
19361,91,1505,-0.00,12.99,-0.26,-3.36,27.95
19633,91,1505,-0.03,12.99,-0.26,-3.40,27.95
19903,91,1505,0.14,12.99,-0.26,-3.43,27.95
20174,91,1505,-0.13,12.99,-0.27,-3.47,27.95
20445,91,1505,-0.15,12.99,-0.27,-3.50,27.95
20716,91,1505,0.35,12.99,-0.28,-3.62,27.95
20986,91,1505,-0.28,12.99,-0.28,-3.63,27.96
21258,91,1505,2.31,12.99,-0.28,-3.65,27.96
21528,91,1505,0.01,12.99,-0.27,-3.56,27.96
21799,91,1505,-0.49,12.99,-0.28,-3.58,27.96
22070,91,1505,-0.21,12.99,-0.28,-3.60,27.96
22341,91,1505,0.16,12.99,-0.26,-3.42,27.96
22611,91,1505,-0.00,12.99,-0.27,-3.46,27.96
22883,91,1505,-0.25,12.99,-0.27,-3.49,27.96
23153,91,1505,0.09,12.99,-0.26,-3.42,27.96
23425,91,1505,0.39,12.99,-0.27,-3.45,27.96
23695,91,1505,-0.48,12.99,-0.28,-3.58,27.96
23966,91,1505,0.22,12.99,-0.28,-3.60,27.96
24237,91,1505,-0.02,12.99,-0.28,-3.61,27.98
24508,91,1505,0.87,12.99,-0.28,-3.63,27.99
24778,91,1505,0.82,12.99,-0.27,-3.55,28.00
25320,92,1511,-0.40,12.99,-0.27,-3.50,28.01
25590,92,1511,0.12,12.99,-0.27,-3.53,28.02
25862,92,1511,-0.16,12.99,-0.28,-3.65,28.02
26132,92,1511,0.12,12.99,-0.27,-3.56,28.03
26403,92,1511,-0.44,12.99,-0.27,-3.48,28.04
26674,92,1511,0.37,12.99,-0.26,-3.42,28.05
26945,92,1511,0.01,12.99,-0.26,-3.35,28.05
27215,92,1511,-0.42,12.99,-0.26,-3.39,28.06
27487,92,1511,0.17,12.99,-0.27,-3.53,28.06
27757,92,1511,0.24,12.99,-0.27,-3.45,28.06
28028,92,1511,-0.38,12.99,-0.27,-3.48,28.07
28299,92,1511,0.04,12.99,-0.26,-3.32,28.07
28570,92,1511,0.10,12.99,-0.25,-3.27,28.07
28840,92,1511,-0.07,12.99,-0.26,-3.32,28.08
29111,92,1511,-0.25,12.99,-0.26,-3.36,28.08
29382,92,1511,0.26,12.99,-0.25,-3.30,28.08
29652,92,1511,0.06,12.99,-0.26,-3.35,28.08
29924,92,1511,-0.15,12.99,-0.26,-3.39,28.09
30194,92,1511,0.10,12.99,-0.26,-3.43,28.09
30466,92,1511,-0.12,12.99,-0.26,-3.36,28.09
30736,92,1511,0.09,12.99,-0.25,-3.31,28.09
31007,92,1511,0.10,12.99,-0.26,-3.35,28.09
31278,92,1511,-0.03,12.99,-0.26,-3.39,28.09
31549,92,1511,-0.26,12.99,-0.26,-3.43,28.09
31819,92,1511,0.55,12.99,-0.26,-3.37,28.11
32091,92,1511,-0.46,12.99,-0.26,-3.41,28.11
32361,92,1511,-0.00,12.99,-0.26,-3.35,28.11
32632,92,1511,0.06,12.99,-0.26,-3.39,28.11
32903,92,1511,0.18,12.99,-0.26,-3.33,28.11
33174,92,1511,-0.30,12.99,-0.25,-3.28,28.12
33444,92,1511,0.28,12.99,-0.26,-3.42,28.12
33716,92,1511,0.11,12.99,-0.27,-3.45,28.13
33986,92,1511,-0.20,12.99,-0.26,-3.39,28.13
34257,92,1511,0.32,12.99,-0.26,-3.42,28.12
34528,92,1511,-0.32,12.98,-0.26,-3.36,28.13
34799,92,1511,0.27,12.99,-0.25,-3.31,28.15
35341,93,1516,0.41,12.99,-0.25,-3.30,28.16
35611,93,1516,0.01,12.99,-0.25,-3.25,28.17
35883,93,1516,-0.05,12.99,-0.25,-3.20,28.18
36153,93,1516,-0.14,12.99,-0.24,-3.16,28.18
36424,93,1516,-0.10,12.99,-0.24,-3.12,28.19
36695,93,1516,-0.07,12.99,-0.23,-3.00,28.19
36966,93,1516,0.26,12.99,-0.23,-2.98,28.20
37236,93,1516,0.06,12.99,-0.23,-2.96,28.20
37508,93,1516,-0.22,12.99,-0.23,-3.04,28.21
37778,93,1516,-0.11,12.99,-0.23,-3.01,28.21
38049,93,1516,0.48,12.99,-0.23,-2.99,28.21
38320,93,1516,-0.55,12.99,-0.23,-2.97,28.21
38591,93,1516,0.58,12.99,-0.22,-2.86,28.22
38861,93,1516,2.13,12.99,-0.23,-2.95,28.22
39133,93,1516,-0.41,12.98,-0.23,-3.03,28.22
39403,93,1516,-0.61,12.98,-0.22,-2.91,28.22
39674,93,1516,0.05,12.99,-0.22,-2.90,28.22
39945,93,1516,-0.18,12.98,-0.23,-2.99,28.23
40216,93,1516,-0.17,12.98,-0.23,-2.97,28.23
40486,93,1516,0.05,12.99,-0.23,-3.05,28.23
40758,93,1516,0.03,12.99,-0.24,-3.12,28.23
41028,93,1516,0.03,12.99,-0.24,-3.09,28.23
41299,93,1516,-0.19,12.99,-0.24,-3.15,28.23
41570,93,1516,0.02,12.98,-0.25,-3.21,28.23
41841,93,1516,0.14,12.98,-0.25,-3.27,28.23
42112,93,1516,-0.27,12.98,-0.26,-3.32,28.23
42382,93,1516,0.29,12.99,-0.25,-3.27,28.23
42653,93,1516,-0.35,12.99,-0.26,-3.31,28.23
42924,93,1516,0.39,12.99,-0.25,-3.26,28.25
43195,93,1516,-0.37,12.99,-0.26,-3.31,28.26
43466,93,1516,0.35,12.99,-0.26,-3.36,28.26
43737,93,1516,-0.59,12.99,-0.25,-3.21,28.27
44007,93,1516,0.38,12.99,-0.24,-3.17,28.28
44278,93,1516,-0.10,12.99,-0.24,-3.13,28.29
44549,93,1516,-0.01,12.99,-0.25,-3.19,28.30
44820,93,1516,0.09,12.99,-0.25,-3.25,28.31
45362,94,1522,0.12,12.99,-0.26,-3.43,28.31
45632,94,1522,0.39,12.99,-0.26,-3.37,28.31
45903,94,1522,2.57,12.99,-0.25,-3.22,28.32
46174,94,1522,-0.51,12.99,-0.24,-3.18,28.32
46445,94,1522,-0.24,12.99,-0.24,-3.14,28.33
46715,94,1522,1.77,13.00,-0.24,-3.10,28.33
46987,94,1522,0.13,13.00,-0.25,-3.27,28.34
47257,94,1522,-0.30,12.99,-0.26,-3.32,28.34
47528,94,1522,0.46,12.99,-0.27,-3.46,28.35
47799,94,1522,-0.09,12.99,-0.25,-3.29,28.35
48069,94,1522,-0.16,12.99,-0.25,-3.24,28.35
48340,94,1522,-0.04,12.99,-0.25,-3.20,28.35
48611,94,1522,1.74,12.99,-0.24,-3.16,28.34
48882,94,1522,-0.30,12.99,-0.23,-3.03,28.34
49153,94,1522,-0.52,12.99,-0.23,-3.00,28.35
49424,94,1522,-0.15,12.99,-0.23,-2.98,28.35
49694,94,1522,0.04,12.99,-0.23,-2.97,28.35
49966,94,1522,-0.18,12.99,-0.23,-2.95,28.35
50236,94,1522,-0.03,12.99,-0.23,-2.93,28.36
50507,94,1522,0.18,12.99,-0.22,-2.82,28.36
50778,94,1522,-0.47,12.99,-0.21,-2.73,28.36
51049,94,1522,0.35,12.99,-0.21,-2.73,28.36
51319,94,1522,1.60,12.99,-0.22,-2.84,28.36
51591,94,1522,0.35,12.99,-0.22,-2.83,28.36
51861,94,1522,-0.58,12.99,-0.22,-2.83,28.37
52132,94,1522,-0.03,12.99,-0.22,-2.92,28.37
52403,94,1522,1.98,12.99,-0.23,-3.00,28.37
52674,94,1522,0.63,12.99,-0.22,-2.89,28.38
52944,94,1522,0.40,12.99,-0.23,-2.98,28.38
53216,94,1522,-0.22,12.99,-0.24,-3.05,28.39
53486,94,1522,-0.45,12.99,-0.24,-3.13,28.41
53757,94,1522,-0.01,12.99,-0.25,-3.19,28.42
54028,94,1522,-0.34,12.99,-0.25,-3.25,28.41
54299,94,1522,0.06,12.99,-0.25,-3.30,28.41
54569,94,1522,0.10,12.99,-0.26,-3.34,28.42
54841,94,1522,-0.28,12.99,-0.26,-3.39,28.43
55382,95,1527,1.21,12.99,-0.25,-3.27,28.44
55653,95,1527,7.47,12.99,-0.25,-3.23,28.45
55924,95,1527,14.50,12.99,-0.25,-3.18,28.46
56195,95,1527,-1.91,12.99,-0.26,-3.34,28.45
56465,95,1527,23.62,12.99,-0.25,-3.28,28.44
56736,95,1527,2.84,12.99,-0.24,-3.14,28.45
57007,95,1527,12.21,12.99,-0.23,-3.01,28.44
57278,95,1527,21.95,12.99,-0.23,-2.99,28.45
57548,95,1527,-3.62,12.99,-0.24,-3.06,28.45
57820,95,1527,25.07,12.98,-0.20,-2.65,28.46
58090,95,1527,9.67,12.98,-0.21,-2.67,28.45
58361,95,1527,3.69,12.98,-0.20,-2.58,28.46
58632,95,1527,28.11,12.98,-0.20,-2.60,28.46
58903,95,1527,-1.34,12.98,-0.20,-2.62,28.47
59173,95,1527,18.54,12.98,-0.20,-2.54,28.47
59444,95,1527,15.42,12.98,-0.20,-2.57,28.48
59715,95,1527,-0.00,12.99,-0.19,-2.50,28.48
59985,95,1527,35.47,12.98,-0.17,-2.24,28.48
60257,95,1527,-3.61,12.98,-0.16,-2.10,28.49
60527,95,1527,18.30,12.98,-0.17,-2.17,28.49
60798,95,1527,18.84,12.98,-0.17,-2.23,28.49
61069,95,1527,-2.90,12.98,-0.18,-2.29,28.51
61340,95,1527,28.51,12.98,-0.17,-2.24,28.52
61611,95,1527,2.36,12.98,-0.18,-2.30,28.53
61882,95,1527,8.58,12.98,-0.17,-2.25,28.54
62152,95,1527,25.80,12.98,-0.16,-2.12,28.55
62424,95,1527,-3.42,12.98,-0.17,-2.18,28.56
62694,95,1527,22.26,12.99,-0.15,-1.96,28.57
62964,95,1527,13.50,12.99,-0.16,-2.04,28.58
63236,95,1527,-2.19,12.99,-0.17,-2.21,28.57
63506,95,1527,29.35,12.99,-0.17,-2.18,28.57
63777,95,1527,3.29,12.98,-0.16,-2.14,28.57
64048,95,1527,9.92,12.99,-0.16,-2.01,28.58
64319,95,1527,23.64,12.98,-0.15,-1.90,28.59
64589,95,1527,-3.64,12.98,-0.15,-1.89,28.59
64861,95,1527,21.72,12.99,-0.14,-1.79,28.60
65402,96,1533,-0.46,12.99,-0.17,-2.17,28.61
65673,96,1533,28.85,12.99,-0.16,-2.13,28.61
65944,96,1533,15.30,12.99,-0.17,-2.20,28.62
66214,96,1533,15.05,12.99,-0.17,-2.16,28.62
66486,96,1533,14.88,12.99,-0.17,-2.23,28.64
66756,96,1533,14.94,12.98,-0.18,-2.38,28.64
67027,96,1533,15.32,12.98,-0.19,-2.42,28.64
67298,96,1533,15.07,12.98,-0.18,-2.36,28.64
67569,96,1533,15.17,12.98,-0.19,-2.41,28.64
67840,96,1533,16.08,12.98,-0.20,-2.54,28.64
68111,96,1533,14.73,12.98,-0.20,-2.57,28.64
68381,96,1533,14.91,12.98,-0.18,-2.40,28.64
68652,96,1533,15.12,12.98,-0.18,-2.34,28.64
68923,96,1533,15.16,12.98,-0.18,-2.39,28.66
69193,96,1533,13.98,12.98,-0.19,-2.43,28.67
69465,96,1533,15.00,12.98,-0.18,-2.37,28.68
69735,96,1533,14.07,12.98,-0.19,-2.51,28.69
70006,96,1533,13.96,12.98,-0.21,-2.73,28.69
70278,96,1533,14.59,12.98,-0.19,-2.45,28.70
70548,96,1533,16.28,12.98,-0.19,-2.48,28.69
70818,96,1533,14.09,12.98,-0.19,-2.42,28.70
71090,96,1533,14.48,12.98,-0.17,-2.26,28.71
71360,96,1533,14.97,12.98,-0.16,-2.12,28.72
71631,96,1533,13.93,12.98,-0.18,-2.29,28.72
71902,96,1533,14.21,12.98,-0.18,-2.34,28.73
72173,96,1533,15.57,12.98,-0.17,-2.19,28.74
72443,96,1533,14.78,12.98,-0.17,-2.25,28.74
72715,96,1533,15.21,12.98,-0.18,-2.31,28.74
72985,96,1533,15.03,12.98,-0.17,-2.26,28.75
73256,96,1533,14.39,12.98,-0.18,-2.31,28.75
73527,96,1533,15.19,12.98,-0.18,-2.36,28.76
73798,96,1533,15.17,12.98,-0.18,-2.31,28.76
74068,96,1533,15.17,12.98,-0.18,-2.36,28.76
74340,96,1533,14.13,12.98,-0.18,-2.31,28.78
74610,96,1533,15.39,12.99,-0.18,-2.36,28.78
74882,96,1533,14.63,12.99,-0.18,-2.40,28.78
75422,97,1538,17.38,12.98,-0.19,-2.47,28.79
75694,97,1538,20.95,12.98,-0.21,-2.70,28.81
75964,97,1538,19.59,12.98,-0.21,-2.71,28.82
76235,97,1538,20.80,12.98,-0.22,-2.81,28.83
76506,97,1538,20.01,12.98,-0.19,-2.52,28.84
76777,97,1538,20.45,12.99,-0.19,-2.46,28.85
77047,97,1538,20.07,12.98,-0.18,-2.39,28.85
77319,97,1538,20.49,12.98,-0.18,-2.34,28.86
77589,97,1538,33.94,12.93,0.33,4.23,28.87
77860,97,1538,17.44,12.93,0.28,3.63,28.87
78131,97,1538,20.35,12.94,0.24,3.08,28.88
78402,97,1538,20.47,12.94,0.19,2.40,28.88
78672,97,1538,19.55,12.95,0.14,1.79,28.89
78944,97,1538,19.80,12.95,0.11,1.43,28.89
79214,97,1538,20.47,12.95,0.08,1.10,28.91
79485,97,1538,20.30,12.95,0.05,0.71,28.98
79756,97,1538,20.15,12.96,0.01,0.17,28.98
80027,97,1538,20.52,12.96,-0.00,-0.03,28.99
80297,97,1538,19.89,12.96,-0.02,-0.21,28.98
80569,97,1538,19.99,12.96,-0.02,-0.28,28.98
80839,97,1538,20.36,12.97,-0.03,-0.43,28.99
81110,97,1538,19.67,12.97,-0.05,-0.67,28.99
81381,97,1538,19.94,12.97,-0.07,-0.88,29.00
81651,97,1538,20.62,12.97,-0.08,-1.07,29.01
81923,97,1538,20.31,12.97,-0.09,-1.15,29.01
82193,97,1538,20.53,12.97,-0.09,-1.22,29.02
82464,97,1538,20.34,12.97,-0.10,-1.28,29.02
82735,97,1538,20.36,12.97,-0.10,-1.34,29.02
83006,97,1538,20.16,12.97,-0.09,-1.19,29.03
83276,97,1538,20.49,12.97,-0.09,-1.16,29.03
83548,97,1538,20.94,12.98,-0.09,-1.23,29.03
83818,97,1538,20.08,12.98,-0.10,-1.29,29.05
84089,97,1538,19.72,12.98,-0.11,-1.44,29.06
84360,97,1538,20.41,12.98,-0.11,-1.48,29.08
84631,97,1538,19.87,12.98,-0.12,-1.51,29.07
84901,97,1538,20.24,12.98,-0.13,-1.64,29.09
85443,98,1544,23.43,12.98,-0.14,-1.86,29.11
85713,98,1544,26.37,12.98,-0.15,-1.96,29.12
85985,98,1544,25.59,12.98,-0.16,-2.04,29.12
86255,98,1544,26.13,12.98,-0.17,-2.21,29.13
86526,98,1544,25.63,12.98,-0.17,-2.17,29.14
86797,98,1544,25.06,12.98,-0.14,-1.85,29.14
87068,98,1544,26.17,12.98,-0.14,-1.75,29.15
87339,98,1544,25.03,12.98,-0.15,-1.95,29.15
87610,98,1544,25.77,12.98,-0.15,-1.94,29.16
87880,98,1544,26.28,12.98,-0.15,-1.93,29.16
88152,98,1544,31.23,12.97,-0.09,-1.15,29.15
88422,98,1544,24.47,12.97,-0.10,-1.32,29.21
88693,98,1544,25.72,12.97,-0.10,-1.27,29.21
88964,98,1544,25.87,12.97,-0.10,-1.23,29.22
89235,98,1544,25.45,12.98,-0.11,-1.39,29.23
89505,98,1544,26.35,12.98,-0.10,-1.34,29.24
89777,98,1544,25.00,12.97,-0.11,-1.39,29.25
90047,98,1544,25.64,12.97,-0.11,-1.43,29.26
90318,98,1544,26.08,12.97,-0.13,-1.66,29.25
90589,98,1544,25.30,12.98,-0.14,-1.87,29.26
90860,98,1544,25.45,12.98,-0.15,-1.97,29.27
91130,98,1544,25.90,12.98,-0.17,-2.14,29.27
91401,98,1544,25.27,12.98,-0.16,-2.11,29.28
91672,98,1544,24.86,12.98,-0.15,-1.99,29.28
91942,98,1544,25.61,12.98,-0.16,-2.07,29.28
92214,98,1544,25.14,12.98,-0.15,-1.95,29.28
92485,98,1544,25.82,12.98,-0.16,-2.04,29.26
92755,98,1544,25.22,12.98,-0.16,-2.11,29.27
93026,98,1544,25.70,12.98,-0.15,-1.99,29.29
93297,98,1544,25.39,12.98,-0.16,-2.07,29.29
93568,98,1544,25.46,12.97,-0.16,-2.04,29.29
93839,98,1544,25.92,12.98,-0.15,-1.93,29.31
94110,98,1544,25.44,12.98,-0.15,-1.92,29.30
94381,98,1544,25.61,12.98,-0.15,-2.01,29.32
94651,98,1544,25.59,12.98,-0.18,-2.28,29.33
94922,98,1544,25.69,12.98,-0.18,-2.33,29.35
95464,99,1550,27.64,12.95,0.24,3.12,29.36
95735,99,1550,37.30,12.95,0.20,2.63,29.40
96006,99,1550,35.79,12.95,0.18,2.37,29.40
96276,99,1550,36.69,12.95,0.14,1.86,29.41
96547,99,1550,36.96,12.96,0.11,1.39,29.43
96818,99,1550,36.46,12.96,0.10,1.26,29.45
97089,99,1550,36.59,12.96,0.10,1.24,29.45
97359,99,1550,36.60,12.96,0.07,0.93,29.56
97631,99,1550,36.61,12.96,0.07,0.85,29.55
97901,99,1550,36.40,12.96,0.04,0.48,29.56
98172,99,1550,36.34,12.97,0.04,0.54,29.55
98443,99,1550,36.55,12.97,0.02,0.21,29.55
98714,99,1550,36.26,12.97,0.01,0.10,29.56
98984,99,1550,36.35,12.97,-0.01,-0.09,29.56
99255,99,1550,36.09,12.97,-0.02,-0.27,29.57
99526,99,1550,36.27,12.97,-0.05,-0.62,29.57
99796,99,1550,36.42,12.97,-0.06,-0.83,29.57
100068,99,1550,36.66,12.97,-0.08,-1.03,29.58
100338,99,1550,36.50,12.97,-0.07,-0.92,29.58
100610,99,1550,36.77,12.97,-0.09,-1.20,29.58
100880,99,1550,36.65,12.97,-0.10,-1.27,29.60
101151,99,1550,36.05,12.97,-0.09,-1.23,29.61
101422,99,1550,35.46,12.97,-0.11,-1.38,29.63
101693,99,1550,36.96,12.97,-0.12,-1.52,29.62
101963,99,1550,36.35,12.97,-0.10,-1.27,29.62
102234,99,1550,36.20,12.98,-0.11,-1.42,29.63
102505,99,1550,36.07,12.97,-0.11,-1.37,29.64
102775,99,1550,36.74,12.97,-0.12,-1.51,29.65
103047,99,1550,36.23,12.97,-0.13,-1.64,29.66
103317,99,1550,36.51,12.97,-0.11,-1.37,29.67
103588,99,1550,36.85,12.97,-0.12,-1.51,29.68
103859,99,1550,36.29,12.97,-0.10,-1.35,29.68
104130,99,1550,36.36,12.97,-0.12,-1.50,29.69
104400,99,1550,36.73,12.97,-0.10,-1.34,29.71
104672,99,1550,36.30,12.97,-0.11,-1.39,29.73
104942,99,1550,36.96,12.97,-0.11,-1.43,29.74
105484,100,1555,41.39,12.98,-0.10,-1.31,29.77
105754,100,1555,46.80,12.98,-0.11,-1.46,29.78
106025,100,1555,45.34,12.98,-0.12,-1.59,29.79
106296,100,1555,45.41,12.98,-0.12,-1.61,29.80
106567,100,1555,45.00,12.97,-0.11,-1.44,29.81
106838,100,1555,45.34,12.97,-0.11,-1.48,29.81
107109,100,1555,45.30,12.97,-0.07,-0.94,29.82
107379,100,1555,44.39,12.97,-0.07,-0.93,29.84
107650,100,1555,45.51,12.98,-0.05,-0.64,29.84
107921,100,1555,45.06,12.98,-0.06,-0.76,29.83
108191,100,1555,45.32,12.98,-0.06,-0.77,29.85
108463,100,1555,45.10,12.97,-0.07,-0.88,29.87
108733,100,1555,44.87,12.97,-0.07,-0.88,29.88
109004,100,1555,45.12,12.97,-0.08,-1.07,29.90
109275,100,1555,44.42,12.97,-0.07,-0.95,29.91
109546,100,1555,44.95,12.97,-0.09,-1.14,29.92
109816,100,1555,52.67,12.96,-0.04,-0.53,29.93
110088,100,1555,43.44,12.97,-0.02,-0.28,29.94
110358,100,1555,44.97,12.97,-0.03,-0.44,29.94
110629,100,1555,44.83,12.97,-0.04,-0.58,29.95
110900,100,1555,44.45,12.97,-0.07,-0.89,29.97
111171,100,1555,44.84,12.97,-0.08,-1.08,29.98
111441,100,1555,44.36,12.97,-0.09,-1.16,29.99
111712,100,1555,45.31,12.97,-0.07,-0.94,30.01
111983,100,1555,45.86,12.97,-0.07,-0.93,30.02
112253,100,1555,45.72,12.97,-0.07,-0.93,30.04
112525,100,1555,45.73,12.97,-0.09,-1.11,30.05
112795,100,1555,45.79,12.97,-0.09,-1.18,30.06
113067,100,1555,45.99,12.97,-0.11,-1.44,30.07
113337,100,1555,45.54,12.97,-0.10,-1.29,30.08
113608,100,1555,44.60,12.97,-0.10,-1.34,30.08
113879,100,1555,46.17,12.97,-0.11,-1.39,30.09
114150,100,1555,45.68,12.97,-0.12,-1.53,30.11
114420,100,1555,45.61,12.97,-0.11,-1.37,30.13
114692,100,1555,45.65,12.97,-0.11,-1.42,30.14
114962,100,1555,45.41,12.97,-0.10,-1.27,30.16
115504,101,1561,51.73,12.97,-0.09,-1.18,30.18
115775,101,1561,57.68,12.97,-0.10,-1.25,30.21
116045,101,1561,57.54,12.97,-0.06,-0.83,30.22
116316,101,1561,57.41,12.97,-0.07,-0.93,30.24
116587,101,1561,57.91,12.97,-0.07,-0.92,30.24
116857,101,1561,57.28,12.97,-0.07,-0.92,30.26
117129,101,1561,56.78,12.97,-0.08,-1.01,30.28
117399,101,1561,56.41,12.97,-0.07,-0.90,30.29
117670,101,1561,57.46,12.97,-0.03,-0.42,30.30
117941,101,1561,56.21,12.98,-0.03,-0.37,30.32
118211,101,1561,57.92,12.98,-0.02,-0.32,30.33
118482,101,1561,57.31,12.98,-0.01,-0.09,30.34
118753,101,1561,57.71,12.98,0.01,0.12,30.36
119024,101,1561,56.15,12.98,0.02,0.21,30.38
119294,101,1561,57.64,12.98,0.05,0.59,30.40
119566,101,1561,57.53,12.98,0.03,0.34,30.40
119836,101,1561,57.61,12.97,0.05,0.61,30.42
120108,101,1561,57.38,12.97,0.03,0.36,30.42
120378,101,1561,57.19,12.97,0.02,0.24,30.43
120649,101,1561,56.23,12.97,0.02,0.32,30.43
120920,101,1561,57.15,12.97,0.04,0.49,30.44
121191,101,1561,57.23,12.97,0.01,0.16,30.46
121461,101,1561,57.36,12.97,0.00,0.06,30.47
121733,101,1561,57.16,12.97,-0.02,-0.23,30.48
122003,101,1561,57.29,12.97,-0.02,-0.20,30.50
122274,101,1561,57.52,12.97,-0.04,-0.46,30.50
122545,101,1561,57.11,12.97,-0.05,-0.69,30.50
122815,101,1561,56.80,12.97,-0.04,-0.52,30.53
123086,101,1561,58.27,12.98,-0.03,-0.36,30.53
123357,101,1561,58.75,12.98,-0.01,-0.12,30.55
123628,101,1561,56.90,12.98,0.01,0.19,30.56
123898,101,1561,57.08,12.98,-0.02,-0.21,30.58
124170,101,1561,56.58,12.98,-0.04,-0.47,30.59
124440,101,1561,57.46,12.98,-0.02,-0.32,30.61
124711,101,1561,56.62,12.98,-0.01,-0.08,30.61
124982,101,1561,57.67,12.98,0.04,0.51,30.63
125523,102,1566,60.09,12.97,0.05,0.67,30.70
125795,102,1566,64.61,12.97,0.06,0.80,30.70
126065,102,1566,64.06,12.97,0.04,0.54,30.73
126337,102,1566,63.27,12.97,0.05,0.69,30.74
126607,102,1566,63.74,12.97,0.02,0.24,30.75
126877,102,1566,63.99,12.97,0.00,0.04,30.76
127149,102,1566,63.73,12.97,-0.02,-0.25,30.78
127419,102,1566,62.76,12.96,0.01,0.07,30.78
127690,102,1566,62.56,12.97,-0.01,-0.12,30.80
127961,102,1566,64.34,12.96,-0.01,-0.19,30.81
128232,102,1566,62.77,12.97,-0.03,-0.36,30.78
128502,102,1566,63.67,12.97,-0.02,-0.31,30.80
128774,102,1566,63.61,12.97,-0.04,-0.46,30.79
129044,102,1566,63.74,12.97,0.01,0.07,30.81
129315,102,1566,62.72,12.97,0.01,0.17,30.82
129586,102,1566,63.88,12.97,0.01,0.16,30.84
129856,102,1566,63.40,12.97,0.00,0.06,30.78
130127,102,1566,63.11,12.97,0.00,0.06,30.78
130399,102,1566,63.58,12.97,0.02,0.25,30.81
130669,102,1566,63.83,12.97,0.00,0.05,30.84
130939,102,1566,63.22,12.97,-0.01,-0.14,30.85
131211,102,1566,63.76,12.97,-0.02,-0.31,30.88
131481,102,1566,63.93,12.96,-0.01,-0.08,30.90
131752,102,1566,63.17,12.97,0.03,0.42,30.92
132023,102,1566,62.89,12.96,0.05,0.67,30.94
132294,102,1566,63.31,12.97,0.04,0.52,30.97
132564,102,1566,63.40,12.97,0.03,0.38,31.04
132836,102,1566,64.11,12.96,0.04,0.54,31.06
133106,102,1566,63.46,12.96,0.05,0.69,31.08
133378,102,1566,63.77,12.96,0.03,0.34,31.09
133648,102,1566,62.61,12.96,0.05,0.60,31.11
133919,102,1566,63.78,12.96,0.04,0.55,31.12
134190,102,1566,62.73,12.97,0.02,0.31,31.14
134461,102,1566,62.97,12.96,0.01,0.19,31.08
134731,102,1566,62.75,12.96,-0.00,-0.01,31.08
135002,102,1566,62.86,12.96,0.03,0.39,31.11
135543,103,1572,70.57,12.96,0.04,0.55,31.15
135815,103,1572,76.68,12.96,0.08,1.08,31.17
136085,103,1572,76.54,12.97,0.07,0.88,31.19
136356,103,1572,75.14,12.96,0.10,1.28,31.21
136627,103,1572,76.12,12.96,0.10,1.26,31.23
136898,103,1572,75.92,12.96,0.10,1.34,31.23
137168,103,1572,76.38,12.96,0.09,1.11,31.26
137440,103,1572,75.91,12.96,0.12,1.59,31.29
137710,103,1572,74.56,12.96,0.10,1.25,31.31
137981,103,1572,77.04,12.96,0.08,1.03,31.32
138252,103,1572,76.43,12.96,0.07,0.84,31.34
138522,103,1572,76.05,12.96,0.06,0.77,31.35
138793,103,1572,75.88,12.96,0.09,1.18,31.37
139064,103,1572,77.89,12.96,0.08,1.07,31.39
139335,103,1572,76.42,12.96,0.09,1.16,31.41
139606,103,1572,76.99,12.96,0.07,0.96,31.45
139877,103,1572,77.08,12.96,0.07,0.97,31.47
140147,103,1572,76.23,12.96,0.10,1.26,31.49
140419,103,1572,76.37,12.96,0.13,1.63,31.51
140689,103,1572,75.89,12.96,0.15,1.95,31.52
140959,103,1572,76.61,12.96,0.20,2.53,31.55
141231,103,1572,75.70,12.96,0.17,2.19,31.57
141501,103,1572,76.03,12.96,0.15,1.98,31.58
141772,103,1572,75.70,12.96,0.12,1.60,31.59
142043,103,1572,75.11,12.96,0.12,1.55,31.59
142314,103,1572,105.20,12.96,0.12,1.59,31.61
142584,103,1572,75.39,12.96,0.12,1.54,31.63
142856,103,1572,77.39,12.96,0.09,1.20,31.65
143126,103,1572,75.85,12.96,0.10,1.28,31.68
143397,103,1572,75.09,12.96,0.08,1.07,31.69
143668,103,1572,75.59,12.96,0.10,1.35,31.70
143939,103,1572,75.95,12.96,0.13,1.71,31.71
144209,103,1572,76.05,12.96,0.13,1.74,31.73
144481,103,1572,76.29,12.96,0.13,1.67,31.75
144751,103,1572,75.64,12.96,0.15,1.99,31.77
145021,103,1572,76.64,12.96,0.19,2.47,31.78
145563,104,1577,79.49,12.96,0.23,2.98,31.82
145835,104,1577,84.76,12.96,0.25,3.26,31.85
146105,104,1577,113.06,12.60,2.10,26.46,31.87
146376,104,1577,83.31,12.63,1.88,23.71,31.89
146647,104,1577,83.90,12.66,1.73,21.96,31.91
146918,104,1577,84.43,12.70,1.55,19.63,31.92
147188,104,1577,82.58,12.72,1.45,18.47,31.94
147459,104,1577,83.06,12.74,1.34,17.13,31.96
147730,104,1577,84.14,12.76,1.20,15.36,32.00
148000,104,1577,84.55,12.78,1.13,14.42,32.02
148272,104,1577,85.85,12.80,1.06,13.57,32.04
148542,104,1577,84.44,12.82,0.98,12.62,32.06
148813,104,1577,83.24,12.83,0.88,11.28,32.07
149084,104,1577,84.55,12.84,0.81,10.46,32.10
149354,104,1577,82.54,12.86,0.72,9.24,32.11
149625,104,1577,83.99,12.87,0.63,8.05,32.13
149896,104,1577,82.16,12.88,0.61,7.83,32.15
150167,104,1577,83.42,12.88,0.58,7.53,32.16
150437,104,1577,82.93,12.89,0.57,7.37,32.17
150709,104,1577,81.26,12.90,0.55,7.12,32.19
150979,104,1577,81.72,12.90,0.48,6.13,32.21
151250,104,1577,81.68,12.91,0.44,5.62,32.22
151521,104,1577,83.36,12.91,0.42,5.46,32.23
151792,104,1577,83.38,12.92,0.37,4.73,32.24
152062,104,1577,84.23,12.92,0.34,4.36,32.27
152333,104,1577,84.55,12.92,0.34,4.41,32.29
152604,104,1577,85.21,12.93,0.35,4.46,32.31
152875,104,1577,83.09,12.93,0.36,4.60,32.32
153146,104,1577,87.77,12.93,0.34,4.43,32.34
153416,104,1577,109.95,12.93,0.33,4.29,32.36
153688,104,1577,84.38,12.93,0.28,3.68,32.39
153958,104,1577,84.41,12.93,0.25,3.22,32.40
154229,104,1577,84.10,12.94,0.29,3.77,32.42
154500,104,1577,83.90,12.94,0.25,3.21,32.44
154771,104,1577,83.14,12.94,0.28,3.57,32.46
155041,104,1577,83.28,12.94,0.24,3.13,32.49
155583,105,1583,85.27,12.95,0.19,2.47,32.54
155853,105,1583,91.62,12.95,0.19,2.43,32.56
156125,105,1583,89.01,12.95,0.21,2.77,32.58
156395,105,1583,90.53,12.95,0.22,2.88,32.59
156666,105,1583,91.18,12.95,0.19,2.51,32.61
156937,105,1583,90.84,12.95,0.17,2.17,32.62
157208,105,1583,91.92,12.95,0.19,2.44,32.65
157478,105,1583,90.44,12.95,0.17,2.21,32.67
157749,105,1583,90.57,12.95,0.18,2.38,32.69
158020,105,1583,89.51,12.96,0.17,2.15,32.71
158290,105,1583,89.86,12.96,0.16,2.14,32.73
158562,105,1583,91.41,12.96,0.14,1.83,32.65
158832,105,1583,90.47,12.96,0.11,1.37,32.69
159104,105,1583,90.04,12.96,0.17,2.20,32.72
159374,105,1583,90.26,12.96,0.20,2.57,32.75
159645,105,1583,91.29,12.95,0.24,3.09,32.78
159916,105,1583,91.90,12.95,0.23,2.98,32.80
160187,105,1583,91.01,12.95,0.23,2.98,32.82
160457,105,1583,90.97,12.95,0.22,2.88,32.86
160728,105,1583,90.45,12.95,0.25,3.18,32.87
160999,105,1583,90.66,12.95,0.26,3.35,32.90
161269,105,1583,89.09,12.95,0.25,3.21,32.93
161541,105,1583,89.69,12.95,0.24,3.09,32.95
161811,105,1583,89.50,12.95,0.27,3.46,32.97
162082,105,1583,89.31,12.95,0.29,3.80,32.99
162353,105,1583,89.20,12.95,0.33,4.29,33.01
162624,105,1583,90.26,12.95,0.27,3.49,33.04
162894,105,1583,91.05,12.95,0.25,3.24,33.05
163165,105,1583,90.49,12.95,0.25,3.21,33.06
163436,105,1583,89.31,12.96,0.23,3.00,33.08
163706,105,1583,91.19,12.95,0.28,3.67,33.10
163978,105,1583,89.76,12.95,0.26,3.31,33.14
164248,105,1583,88.91,12.95,0.23,2.99,33.17
164519,105,1583,89.15,12.95,0.23,2.98,33.18
164790,105,1583,89.17,12.95,0.24,3.08,33.20
165060,105,1583,88.50,12.95,0.21,2.68,33.23
165602,106,1588,98.08,12.95,0.17,2.19,33.32
165873,106,1588,106.34,12.95,0.23,3.03,33.33
166144,106,1588,106.65,12.95,0.21,2.74,33.34
166415,106,1588,107.89,12.94,0.22,2.86,33.35
166685,106,1588,106.28,12.95,0.20,2.58,33.37
166957,106,1588,106.95,12.94,0.22,2.81,33.39
167227,106,1588,107.31,12.94,0.20,2.63,33.41
167498,106,1588,106.93,12.94,0.18,2.28,33.44
167769,106,1588,112.77,12.94,0.19,2.45,33.47
168040,106,1588,145.33,12.94,0.18,2.31,33.48
168310,106,1588,107.54,12.94,0.15,1.89,33.50
168582,106,1588,108.38,12.94,0.13,1.71,33.52
168852,106,1588,106.70,12.94,0.23,2.99,33.54
169123,106,1588,106.26,12.94,0.19,2.41,33.56
169394,106,1588,107.67,12.94,0.18,2.37,33.58
169665,106,1588,108.56,12.94,0.21,2.72,33.61
169935,106,1588,108.24,12.94,0.17,2.26,33.63
170206,106,1588,108.43,12.94,0.19,2.52,33.65
170477,106,1588,106.49,12.94,0.18,2.37,33.67
170747,106,1588,106.32,12.94,0.23,2.91,33.70
171019,106,1588,106.96,12.94,0.26,3.40,33.73
171289,106,1588,108.04,12.94,0.27,3.45,33.74
171560,106,1588,107.15,12.93,0.29,3.78,33.77
171831,106,1588,107.54,12.93,0.25,3.22,33.79
172102,106,1588,107.12,12.94,0.22,2.91,33.81
172372,106,1588,106.29,12.93,0.27,3.49,33.82
172644,106,1588,104.86,12.93,0.33,4.30,33.85
172914,106,1588,105.21,12.93,0.29,3.78,33.87
173185,106,1588,106.73,12.94,0.25,3.22,33.89
173456,106,1588,107.17,12.93,0.27,3.48,33.91
173726,106,1588,106.91,12.94,0.25,3.24,33.93
173998,106,1588,105.35,12.94,0.23,2.92,33.95
174268,106,1588,106.47,12.94,0.28,3.60,33.97
174538,106,1588,105.93,12.94,0.26,3.34,34.00
174810,106,1588,107.55,12.94,0.31,3.97,34.02
175080,106,1588,108.58,12.93,0.26,3.39,34.05
175622,107,1594,108.32,12.79,1.05,13.49,34.08
175893,107,1594,115.40,12.80,1.04,13.30,34.11
176163,107,1594,114.07,12.82,1.04,13.31,34.13
176434,107,1594,114.76,12.83,0.97,12.38,34.20
176705,107,1594,117.66,12.84,0.85,10.88,34.22
176975,107,1594,115.46,12.85,0.80,10.28,34.27
177247,107,1594,117.36,12.86,0.79,10.22,34.29
177517,107,1594,115.95,12.86,0.80,10.26,34.30
177788,107,1594,117.26,12.87,0.74,9.53,34.32
178059,107,1594,115.22,12.87,0.74,9.54,34.34
178330,107,1594,116.45,12.88,0.73,9.36,34.36
178600,107,1594,116.32,12.88,0.74,9.49,34.37
178872,107,1594,117.06,12.89,0.66,8.55,34.39
179142,107,1594,115.10,12.89,0.72,9.24,34.42
179414,107,1594,116.41,12.90,0.75,9.66,34.44
179684,107,1594,116.84,12.90,0.73,9.47,34.45
179954,107,1594,117.56,12.90,0.77,9.87,34.47
180226,107,1594,117.07,12.90,0.82,10.52,34.49
180496,107,1594,116.72,12.90,0.73,9.38,34.51
180767,107,1594,114.05,12.91,0.64,8.26,34.52
181038,107,1594,116.41,12.91,0.58,7.54,34.54
181309,107,1594,117.55,12.91,0.53,6.89,34.56
181579,107,1594,116.85,12.91,0.52,6.69,34.59
181851,107,1594,114.41,12.91,0.50,6.41,34.61
182121,107,1594,116.35,12.91,0.54,7.02,34.71
182392,107,1594,115.56,12.91,0.59,7.67,34.73
182663,107,1594,116.53,12.92,0.57,7.39,34.74
182933,107,1594,114.59,12.92,0.52,6.76,34.76
183204,107,1594,114.12,12.92,0.53,6.86,34.78
183475,107,1594,115.01,12.92,0.49,6.37,34.79
183746,107,1594,114.19,12.92,0.50,6.41,34.81
184016,107,1594,114.82,12.92,0.50,6.45,34.83
184288,107,1594,116.66,12.93,0.46,6.01,34.84
184558,107,1594,114.67,12.93,0.49,6.37,34.87
184829,107,1594,115.81,12.93,0.52,6.70,34.87
185100,107,1594,114.88,12.93,0.56,7.28,34.91
185913,108,1600,124.90,12.92,0.62,7.98,35.03
186183,108,1600,136.07,12.92,0.70,9.01,35.05
186455,108,1600,135.04,12.92,0.63,8.12,35.06
186725,108,1600,135.15,12.92,0.61,7.89,35.08
186996,108,1600,134.31,12.93,0.58,7.49,35.11
187267,108,1600,135.50,12.93,0.58,7.52,35.13
187538,108,1600,136.11,12.92,0.52,6.77,35.14
187808,108,1600,135.20,12.92,0.49,6.39,35.16
188080,108,1600,133.31,12.92,0.46,5.95,35.16
188350,108,1600,135.11,12.92,0.55,7.09,35.18
188621,108,1600,136.15,12.92,0.66,8.49,35.21
188892,108,1600,135.15,12.92,0.67,8.70,35.24
189162,108,1600,135.40,12.92,0.64,8.22,35.26
189433,108,1600,136.68,12.92,0.70,9.03,35.29
189704,108,1600,134.97,12.92,0.70,9.00,35.35
189975,108,1600,135.20,12.92,0.70,9.07,35.40
190245,108,1600,135.38,12.92,0.65,8.36,35.42
190517,108,1600,134.93,12.92,0.63,8.11,35.43
190787,108,1600,135.77,12.92,0.62,7.97,35.45
191058,108,1600,136.10,12.91,0.57,7.38,35.46
191329,108,1600,135.29,12.91,0.53,6.84,35.49
191600,108,1600,136.08,12.91,0.54,6.93,35.51
191870,108,1600,134.84,12.92,0.48,6.24,35.53
192142,108,1600,134.78,12.92,0.44,5.73,35.55
192412,108,1600,136.82,12.92,0.41,5.35,35.57
192684,108,1600,136.84,12.91,0.39,5.02,35.63
192954,108,1600,139.68,12.91,0.39,5.10,35.65
193225,108,1600,151.32,12.92,0.42,5.36,35.67
193496,108,1600,137.79,12.92,0.47,6.08,35.69
193767,108,1600,134.85,12.92,0.44,5.67,35.71
194037,108,1600,136.04,12.92,0.39,5.02,35.73
194309,108,1600,137.42,12.92,0.44,5.67,35.75
194579,108,1600,136.95,12.92,0.51,6.64,35.78
194850,108,1600,137.87,12.92,0.52,6.75,35.79
195121,108,1600,138.15,12.92,0.52,6.66,35.81
195392,108,1600,137.52,12.92,0.46,5.91,35.83
195933,109,1605,141.16,12.92,0.48,6.18,35.90
196204,109,1605,145.58,12.92,0.43,5.57,35.92
196474,109,1605,144.58,12.92,0.42,5.40,35.95
196746,109,1605,146.23,12.92,0.52,6.69,35.97
197016,109,1605,143.30,12.92,0.54,6.99,35.99
197287,109,1605,142.11,12.92,0.47,6.10,36.02
197558,109,1605,143.97,12.92,0.44,5.69,36.05
197829,109,1605,144.53,12.92,0.46,5.90,36.07
198099,109,1605,143.70,12.92,0.45,5.80,36.10
198371,109,1605,144.40,12.92,0.40,5.23,36.12
198641,109,1605,144.35,12.92,0.45,5.76,36.15
198913,109,1605,141.10,12.92,0.43,5.58,36.18
199183,109,1605,146.24,12.92,0.52,6.75,36.20
199454,109,1605,145.50,12.92,0.57,7.33,36.34
199725,109,1605,144.51,12.92,0.55,7.08,36.35
199996,109,1605,146.68,12.92,0.54,6.96,36.36
200266,109,1605,161.82,12.92,0.49,6.36,36.38
200538,109,1605,147.43,12.91,0.57,7.36,36.40
200808,109,1605,142.40,12.91,0.68,8.74,36.42
201079,109,1605,144.24,12.91,0.65,8.35,36.43
201350,109,1605,144.59,12.91,0.64,8.29,36.45
201621,109,1605,143.20,12.91,0.68,8.80,36.47
201891,109,1605,142.78,12.91,0.61,7.84,36.50
202163,109,1605,143.06,12.91,0.55,7.16,36.52
202433,109,1605,143.51,12.91,0.51,6.55,36.54
202703,109,1605,143.82,12.91,0.45,5.81,36.57
202975,109,1605,142.49,12.91,0.52,6.76,36.58
203245,109,1605,139.09,12.91,0.52,6.67,36.61
203516,109,1605,140.49,12.91,0.47,6.01,36.63
203787,109,1605,143.99,12.91,0.40,5.23,36.66
204058,109,1605,142.85,12.91,0.48,6.24,36.69
204328,109,1605,141.46,12.91,0.53,6.87,36.72
204600,109,1605,142.55,12.91,0.58,7.53,36.75
204870,109,1605,143.38,12.91,0.58,7.55,36.77
205142,109,1605,143.77,12.91,0.62,8.04,36.79
205412,109,1605,143.61,12.91,0.63,8.11,36.81
205954,110,1611,148.55,12.91,0.65,8.37,36.87
206224,110,1611,161.20,12.91,0.67,8.59,36.88
206495,110,1611,159.98,12.91,0.60,7.74,36.92
206766,110,1611,159.08,12.90,0.70,8.98,36.95
207037,110,1611,164.34,12.90,0.84,10.86,36.97
207307,110,1611,160.50,12.90,0.82,10.64,37.00
207579,110,1611,160.36,12.90,0.77,9.97,37.03
207849,110,1611,160.61,12.90,0.81,10.50,37.06
208120,110,1611,160.22,12.90,0.88,11.37,37.08
208391,110,1611,162.29,12.90,0.83,10.72,37.10
208662,110,1611,165.43,12.90,0.84,10.81,37.13
208932,110,1611,160.50,12.90,0.92,11.83,37.16
209204,110,1611,159.48,12.90,0.90,11.62,37.18
209474,110,1611,160.07,12.90,0.81,10.46,37.20
209745,110,1611,160.62,12.91,0.74,9.53,37.14
210016,110,1611,161.05,12.91,0.67,8.68,37.18
210287,110,1611,158.61,12.91,0.61,7.82,37.21
210557,110,1611,156.97,12.91,0.55,7.14,37.25
210829,110,1611,153.72,12.90,0.56,7.20,37.27
211099,110,1611,158.39,12.90,0.52,6.77,37.31
211371,110,1611,159.37,12.91,0.52,6.68,37.35
211641,110,1611,154.53,12.91,0.56,7.17,37.38
211912,110,1611,158.40,12.90,0.69,8.85,37.41
212183,110,1611,154.94,12.90,0.65,8.35,37.44
212454,110,1611,156.98,12.90,0.66,8.48,37.47
212724,110,1611,160.76,12.90,0.70,8.98,37.51
212996,110,1611,159.34,12.90,0.63,8.19,37.54
213266,110,1611,156.10,12.90,0.64,8.24,37.56
213537,110,1611,154.45,12.90,0.66,8.47,37.60
213808,110,1611,153.10,12.90,0.68,8.78,37.64
214079,110,1611,154.72,12.90,0.70,9.06,37.67
214349,110,1611,155.39,12.90,0.77,9.88,37.71
214621,110,1611,157.28,12.90,0.82,10.52,37.75
214891,110,1611,161.26,12.90,0.73,9.39,37.78
215161,110,1611,160.70,12.90,0.67,8.65,37.81
215433,110,1611,163.62,12.90,0.81,10.46,37.84
215974,111,1616,172.13,12.90,0.81,10.42,37.89
216245,111,1616,179.45,12.90,0.94,12.06,37.91
216516,111,1616,179.82,12.90,0.92,11.92,37.93
216786,111,1616,181.19,12.90,0.85,10.93,37.96
217058,111,1616,180.90,12.90,0.93,12.04,38.00
217328,111,1616,181.64,12.90,0.97,12.56,38.03
217600,111,1616,181.00,12.90,1.08,13.99,38.07
217870,111,1616,181.57,12.90,1.04,13.36,38.09
218141,111,1616,177.92,12.90,0.96,12.41,38.13
218413,111,1616,179.25,12.89,0.90,11.56,38.17
218683,111,1616,178.97,12.89,0.96,12.42,38.20
218954,111,1616,177.39,12.89,0.97,12.52,38.23
219225,111,1616,178.03,12.89,0.89,11.47,38.26
219496,111,1616,181.02,12.89,0.95,12.23,38.29
219766,111,1616,182.31,12.88,0.87,11.21,38.33
220038,111,1616,180.68,12.89,0.92,11.82,38.34
220308,111,1616,177.95,12.88,1.05,13.50,38.37
220578,111,1616,180.30,12.88,0.98,12.64,38.40
220850,111,1616,178.96,12.88,0.95,12.24,38.43
221121,111,1616,179.91,12.88,0.90,11.60,38.47
221391,111,1616,220.50,12.88,1.05,13.50,38.48
221662,111,1616,180.66,12.88,0.98,12.63,38.51
221933,111,1616,180.69,12.88,1.08,13.86,38.55
222203,111,1616,180.01,12.88,0.99,12.77,38.57
222475,111,1616,178.49,12.88,1.00,12.93,38.60
222745,111,1616,176.99,12.88,1.06,13.65,38.63
223016,111,1616,179.25,12.88,1.02,13.15,38.67
223287,111,1616,180.46,12.88,1.10,14.13,38.71
223558,111,1616,178.65,12.88,1.14,14.64,38.74
223828,111,1616,179.33,12.88,1.19,15.28,38.77
224100,111,1616,179.27,12.88,1.09,14.04,38.80
224370,111,1616,178.26,12.88,1.12,14.46,38.84
224642,111,1616,178.82,12.88,1.10,14.17,38.87
224912,111,1616,179.44,12.88,1.01,13.05,38.90
225183,111,1616,177.68,12.88,0.97,12.51,38.93
225454,111,1616,176.73,12.88,0.91,11.75,38.97
225995,112,1622,185.14,12.88,0.83,10.67,39.02
226267,112,1622,187.82,12.88,0.76,9.80,39.05
226537,112,1622,189.48,12.88,0.81,10.45,39.07
226808,112,1622,185.04,12.88,0.86,11.03,39.11
227079,112,1622,187.27,12.88,0.93,11.94,39.14
227350,112,1622,184.15,12.88,0.84,10.76,39.17
227620,112,1622,188.38,12.88,0.80,10.26,39.20
227892,112,1622,189.89,12.88,0.74,9.53,39.23
228162,112,1622,190.79,12.88,0.70,9.06,39.26
228433,112,1622,202.30,12.87,0.72,9.21,39.28
228704,112,1622,190.84,12.87,0.76,9.73,39.31
228975,112,1622,184.86,12.87,0.81,10.48,39.35
229245,112,1622,188.15,12.87,0.81,10.49,39.39
229517,112,1622,188.24,12.87,0.84,10.78,39.44
229787,112,1622,187.17,12.87,0.90,11.62,39.46
230057,112,1622,185.40,12.87,0.98,12.56,39.49
230329,112,1622,187.61,12.87,1.00,12.84,39.51
230599,112,1622,188.42,12.87,0.92,11.85,39.55
230871,112,1622,190.76,12.87,0.97,12.48,39.58
231141,112,1622,187.31,12.87,1.04,13.34,39.61
231412,112,1622,188.37,12.87,1.06,13.63,39.63
231683,112,1622,187.62,12.87,0.98,12.66,39.67
231954,112,1622,192.24,12.87,0.92,11.88,39.70
232224,112,1622,188.34,12.86,1.08,13.84,39.73
232496,112,1622,188.12,12.86,1.17,15.03,39.77
232766,112,1622,191.06,12.86,1.22,15.73,39.81
233037,112,1622,186.96,12.86,1.18,15.12,39.82
233309,112,1622,189.41,12.86,1.07,13.71,39.86
233579,112,1622,189.90,12.86,1.17,15.01,39.86
233849,112,1622,190.34,12.86,1.14,14.67,39.90
234121,112,1622,188.58,12.86,1.23,15.78,39.92
234391,112,1622,191.62,12.87,1.13,14.60,39.95
234662,112,1622,193.44,12.86,1.13,14.48,40.00
234933,112,1622,195.65,12.86,1.09,14.08,40.04
235204,112,1622,191.86,12.87,1.10,14.21,40.08
235474,112,1622,233.44,12.87,1.19,15.37,40.11
236286,113,1627,198.29,12.87,1.20,15.47,40.21
236558,113,1627,201.74,12.87,1.15,14.79,40.23
236828,113,1627,201.39,12.87,1.25,16.09,40.28
237100,113,1627,206.33,12.86,1.32,16.96,40.32
237370,113,1627,204.95,12.86,1.36,17.46,40.35
237641,113,1627,200.71,12.86,1.46,18.77,40.38
237912,113,1627,203.36,12.86,1.53,19.66,40.41
238183,113,1627,201.38,12.86,1.45,18.66,40.44
238453,113,1627,198.72,12.86,1.52,19.56,40.48
238725,113,1627,196.26,12.86,1.40,17.99,40.51
238995,113,1627,236.64,12.86,1.46,18.77,40.56
239266,113,1627,203.73,12.86,1.39,17.86,40.61
239537,113,1627,204.36,12.86,1.30,16.75,40.64
239808,113,1627,200.20,12.86,1.18,15.18,40.67
240078,113,1627,198.44,12.86,1.17,15.10,40.70
240349,113,1627,197.64,12.86,1.11,14.26,40.73
240620,113,1627,202.07,12.86,1.15,14.84,40.65
240890,113,1627,201.51,12.86,1.17,15.08,40.70
241162,113,1627,202.10,12.86,1.26,16.16,40.74
241432,113,1627,199.58,12.86,1.32,16.93,40.78
241703,113,1627,197.04,12.86,1.22,15.62,40.81
241974,113,1627,200.66,12.86,1.32,16.93,40.86
242245,113,1627,198.11,12.86,1.35,17.34,40.89
242515,113,1627,236.38,12.86,1.27,16.37,40.94
242787,113,1627,206.87,12.86,1.28,16.46,40.93
243057,113,1627,201.06,12.86,1.23,15.78,40.97
243329,113,1627,201.00,12.86,1.13,14.59,41.01
243599,113,1627,202.76,12.86,1.27,16.38,41.06
243870,113,1627,201.29,12.86,1.19,15.32,41.10
244141,113,1627,203.76,12.86,1.12,14.46,41.14
244412,113,1627,204.19,12.86,1.07,13.79,41.18
244682,113,1627,204.70,12.86,1.02,13.09,41.21
244954,113,1627,203.31,12.86,1.08,13.88,41.25
245224,113,1627,202.42,12.86,1.19,15.36,41.29
245494,113,1627,199.59,12.86,1.28,16.40,41.32
245766,113,1627,201.34,12.86,1.18,15.15,41.36
246307,114,1633,210.39,12.87,1.21,15.52,41.43
246579,114,1633,224.67,12.86,1.32,17.02,41.47
246849,114,1633,221.42,12.86,1.24,15.90,41.50
247120,114,1633,221.72,12.86,1.17,14.98,41.53
247391,114,1633,221.97,12.86,1.20,15.49,41.56
247662,114,1633,222.68,12.86,1.14,14.62,41.60
247932,114,1633,221.39,12.86,1.23,15.83,41.63
248204,114,1633,223.04,12.86,1.30,16.73,41.67
248474,114,1633,223.05,12.86,1.31,16.87,41.71
248745,114,1633,220.27,12.85,1.49,19.19,41.74
249016,114,1633,220.85,12.85,1.63,20.98,41.77
249287,114,1633,221.85,12.85,1.57,20.22,41.81
249558,114,1633,223.02,12.85,1.51,19.35,41.85
249829,114,1633,224.05,12.84,1.62,20.75,41.90
250099,114,1633,220.68,12.84,1.50,19.26,41.92
250370,114,1633,219.02,12.84,1.49,19.14,41.96
250641,114,1633,218.98,12.84,1.53,19.71,42.00
250911,114,1633,219.87,12.84,1.47,18.89,42.03
251183,114,1633,218.53,12.84,1.47,18.91,42.06
251453,114,1633,221.41,12.84,1.53,19.60,42.10
251724,114,1633,219.12,12.84,1.61,20.69,42.13
251995,114,1633,220.95,12.84,1.59,20.43,42.18
252266,114,1633,221.21,12.84,1.64,21.06,42.22
252536,114,1633,221.39,12.84,1.65,21.15,42.26
252808,114,1633,221.25,12.84,1.53,19.61,42.29
253078,114,1633,222.63,12.84,1.47,18.89,42.32
253349,114,1633,221.84,12.84,1.37,17.58,42.36
253620,114,1633,219.25,12.84,1.26,16.12,42.40
253891,114,1633,220.56,12.84,1.26,16.23,42.43
254161,114,1633,221.42,12.84,1.30,16.70,42.48
254433,114,1633,221.90,12.84,1.31,16.75,42.51
254703,114,1633,219.91,12.84,1.35,17.36,42.55
254974,114,1633,221.12,12.84,1.26,16.11,42.59
255245,114,1633,227.37,12.84,1.29,16.51,42.64
255516,114,1633,225.73,12.84,1.33,17.05,42.67
255787,114,1633,222.65,12.84,1.27,16.31,42.69
256600,115,1638,225.63,12.83,1.35,17.27,42.80
256870,115,1638,229.91,12.83,1.30,16.68,42.82
257141,115,1638,226.89,12.83,1.21,15.50,42.85
257412,115,1638,230.26,12.83,1.24,15.86,42.88
257682,115,1638,226.70,12.83,1.26,16.18,42.92
257953,115,1638,231.22,12.83,1.28,16.38,42.96
258224,115,1638,230.87,12.83,1.35,17.31,42.99
258495,115,1638,234.74,12.82,1.44,18.43,43.03
258765,115,1638,233.20,12.83,1.61,20.59,43.07
259037,115,1638,235.13,12.82,1.71,21.95,43.12
259307,115,1638,236.39,12.82,1.56,19.96,43.20
259578,115,1638,236.99,12.82,1.44,18.45,43.22
259849,115,1638,234.13,12.82,1.56,20.03,43.25
260120,115,1638,269.92,12.82,1.50,19.27,43.28
260390,115,1638,237.35,12.82,1.44,18.49,43.32
260662,115,1638,236.81,12.82,1.56,20.07,43.35
260932,115,1638,232.87,12.83,1.46,18.74,43.38
261202,115,1638,234.80,12.83,1.37,17.54,43.41
261474,115,1638,238.24,12.83,1.27,16.28,43.44
261744,115,1638,235.83,12.83,1.19,15.32,43.46
262016,115,1638,233.84,12.83,1.25,15.98,43.50
262286,115,1638,237.92,12.83,1.32,16.96,43.53
262557,115,1638,239.65,12.83,1.34,17.17,43.57
262828,115,1638,240.71,12.83,1.44,18.50,43.61
263099,115,1638,238.57,12.83,1.34,17.14,43.65
263369,115,1638,237.20,12.83,1.44,18.47,43.68
263641,115,1638,241.89,12.83,1.41,18.05,43.72
263911,115,1638,238.15,12.83,1.30,16.73,43.76
264182,115,1638,237.41,12.83,1.34,17.25,43.80
264453,115,1638,239.16,12.83,1.46,18.67,43.85
264724,115,1638,239.96,12.82,1.57,20.13,43.89
264994,115,1638,243.28,12.82,1.46,18.70,43.92
265266,115,1638,238.70,12.83,1.37,17.60,43.95
265536,115,1638,239.28,12.83,1.28,16.42,43.99
265807,115,1638,237.80,12.83,1.46,18.68,44.02
266078,115,1638,237.07,12.83,1.44,18.53,44.07
266619,116,1644,244.33,12.83,1.43,18.39,44.15
266891,116,1644,253.26,12.83,1.35,17.32,44.18
267161,116,1644,253.53,12.82,1.53,19.58,44.22
267432,116,1644,252.60,12.82,1.73,22.18,44.25
267703,116,1644,253.71,12.82,1.78,22.81,44.27
267973,116,1644,248.26,12.82,1.70,21.78,44.31
268244,116,1644,247.51,12.82,1.64,21.03,44.36
268515,116,1644,247.48,12.82,1.56,19.98,44.40
268786,116,1644,247.98,12.81,1.58,20.26,44.44
269057,116,1644,246.23,12.81,1.52,19.48,44.47
269328,116,1644,252.31,12.81,1.48,18.96,44.51
269598,116,1644,246.32,12.81,1.67,21.44,44.55
269870,116,1644,243.02,12.81,1.77,22.72,44.59
270140,116,1644,245.48,12.82,1.63,20.84,44.62
270411,116,1644,245.31,12.81,1.71,21.89,44.67
270682,116,1644,247.01,12.81,1.86,23.89,44.70
270953,116,1644,248.78,12.81,1.95,25.01,44.64
271223,116,1644,244.14,12.81,2.02,25.84,44.70
271495,116,1644,243.51,12.81,2.07,26.48,44.75
271765,116,1644,246.51,12.81,2.13,27.26,44.79
272036,116,1644,244.11,12.80,2.19,28.04,44.83
272307,116,1644,245.59,12.81,2.15,27.53,44.88
272578,116,1644,246.03,12.81,2.11,26.97,44.92
272848,116,1644,248.67,12.81,1.92,24.57,44.96
273120,116,1644,248.59,12.81,1.79,22.88,45.03
273390,116,1644,247.51,12.81,1.70,21.74,45.06
273661,116,1644,246.80,12.81,1.64,21.00,45.10
273932,116,1644,252.39,12.81,1.75,22.42,45.13
274203,116,1644,267.92,12.81,1.63,20.95,45.17
274473,116,1644,246.45,12.81,1.58,20.19,45.21
274745,116,1644,247.57,12.81,1.74,22.26,45.22
275015,116,1644,242.21,12.81,1.63,20.89,45.26
275287,116,1644,242.23,12.81,1.57,20.14,45.31
275557,116,1644,239.83,12.81,1.73,22.12,45.35
275828,116,1644,235.32,12.81,1.63,20.86,45.39
276099,116,1644,237.25,12.81,1.53,19.55,45.42
276640,117,1650,252.93,12.81,1.74,22.25,45.51
276912,117,1650,267.39,12.81,1.87,23.92,45.54
277182,117,1650,264.97,12.81,1.76,22.58,45.59
277453,117,1650,262.52,12.80,1.88,24.02,45.66
277724,117,1650,290.03,12.80,1.95,24.94,45.70
277994,117,1650,262.40,12.80,1.89,24.16,45.73
278265,117,1650,259.17,12.80,1.81,23.17,45.77
278536,117,1650,258.34,12.79,1.88,24.08,45.81
278807,117,1650,256.91,12.79,1.91,24.42,45.85
279077,117,1650,259.44,12.79,1.99,25.49,45.90
279349,117,1650,259.42,12.79,1.88,23.99,45.94
279619,117,1650,260.22,12.79,1.81,23.22,45.97
279890,117,1650,256.96,12.80,1.71,21.85,46.01
280161,117,1650,261.44,12.79,1.73,22.14,46.06
280432,117,1650,264.93,12.79,1.87,23.91,46.11
280702,117,1650,264.66,12.79,2.04,26.06,46.15
280974,117,1650,265.07,12.78,2.23,28.48,46.19
281244,117,1650,300.14,12.79,2.25,28.77,46.23
281516,117,1650,269.19,12.79,2.14,27.32,46.27
281786,117,1650,264.81,12.79,2.01,25.64,46.30
282056,117,1650,268.30,12.78,2.07,26.49,46.34
282328,117,1650,271.72,12.78,2.19,28.01,46.39
282598,117,1650,267.30,12.78,2.07,26.45,46.43
282869,117,1650,265.91,12.78,2.21,28.26,46.47
283140,117,1650,268.95,12.78,2.18,27.80,46.51
283411,117,1650,266.81,12.78,2.12,27.12,46.55
283681,117,1650,266.21,12.79,2.14,27.36,46.60
283953,117,1650,269.25,12.79,2.14,27.38,46.63
284223,117,1650,269.91,12.79,2.24,28.63,46.67
284494,117,1650,265.65,12.79,2.29,29.28,46.71
284765,117,1650,264.46,12.79,2.14,27.31,46.76
285036,117,1650,269.32,12.79,2.23,28.47,46.80
285306,117,1650,266.15,12.79,2.38,30.46,46.83
285577,117,1650,271.19,12.79,2.41,30.83,46.87
285848,117,1650,267.27,12.79,2.38,30.40,46.91
286118,117,1650,269.78,12.79,2.31,29.55,46.95
286660,118,1655,273.37,12.79,2.24,28.70,47.02
286931,118,1655,278.10,12.78,2.35,30.09,47.06
287202,118,1655,280.87,12.78,2.34,29.93,47.09
287473,118,1655,281.13,12.78,2.26,28.84,47.16
287744,118,1655,276.91,12.78,2.10,26.90,47.19
288015,118,1655,278.17,12.78,2.28,29.13,47.23
288285,118,1655,272.95,12.77,2.40,30.67,47.25
288557,118,1655,308.35,12.40,4.37,54.17,47.29
288827,118,1655,276.89,12.44,4.21,52.41,47.33
289097,118,1655,273.49,12.47,3.97,49.52,47.35
289369,118,1655,273.87,12.50,3.78,47.29,47.39
289639,118,1655,270.46,12.53,3.49,43.69,47.43
289910,118,1655,273.85,12.56,3.25,40.80,47.48
290181,118,1655,269.27,12.58,3.02,38.01,47.51
290452,118,1655,273.63,12.60,2.85,35.95,47.55
290722,118,1655,274.21,12.62,2.78,35.12,47.58
290994,118,1655,276.73,12.63,2.74,34.65,47.61
291264,118,1655,274.11,12.65,2.82,35.72,47.65
291535,118,1655,281.78,12.66,2.76,34.91,47.70
291806,118,1655,281.16,12.68,2.64,33.44,47.70
292077,118,1655,284.02,12.69,2.49,31.64,47.75
292347,118,1655,316.41,12.70,2.53,32.08,47.80
292618,118,1655,281.32,12.71,2.59,32.94,47.84
292889,118,1655,280.03,12.71,2.52,32.03,47.87
293159,118,1655,282.01,12.72,2.31,29.41,47.92
293431,118,1655,275.97,12.73,2.18,27.72,47.97
293701,118,1655,277.23,12.73,2.26,28.83,48.02
293972,118,1655,276.94,12.73,2.08,26.43,48.07
294243,118,1655,272.85,12.74,2.12,27.02,48.11
294514,118,1655,274.06,12.75,2.07,26.41,48.14
294785,118,1655,272.31,12.75,2.03,25.86,48.18
295056,118,1655,273.29,12.75,1.92,24.42,48.22
295326,118,1655,273.83,12.75,1.87,23.88,48.26
295598,118,1655,291.71,12.71,2.26,28.68,48.31
295868,118,1655,270.65,12.72,2.29,29.13,48.35
296139,118,1655,268.42,12.73,2.24,28.51,48.39
296681,119,1661,280.03,12.73,2.24,28.48,48.48
296951,119,1661,286.14,12.74,2.24,28.56,48.52
297223,119,1661,281.73,12.74,2.30,29.31,48.53
297493,119,1661,281.38,12.74,2.35,29.88,48.57
297764,119,1661,276.61,12.74,2.24,28.51,48.62
298035,119,1661,278.38,12.75,2.20,28.03,48.66
298306,119,1661,281.81,12.75,2.04,26.00,48.75
298576,119,1661,279.87,12.75,1.97,25.11,48.78
298848,119,1661,283.78,12.75,2.00,25.54,48.82
299118,119,1661,300.84,12.73,2.28,29.09,48.86
299389,119,1661,290.46,12.73,2.49,31.65,48.91
299660,119,1661,289.89,12.73,2.37,30.20,48.95
299931,119,1661,286.66,12.74,2.23,28.42,48.98
300201,119,1661,289.71,12.74,2.16,27.58,49.02
300473,119,1661,286.36,12.74,2.27,28.97,49.06
300743,119,1661,290.43,12.74,2.19,27.89,49.10
301015,119,1661,286.47,12.75,2.24,28.51,49.16
301285,119,1661,289.78,12.75,2.25,28.69,49.20
301556,119,1661,292.78,12.75,2.20,28.01,49.24
301827,119,1661,288.38,12.75,2.04,25.98,49.27
302098,119,1661,290.69,12.76,2.24,28.59,49.31
302368,119,1661,288.61,12.75,2.24,28.57,49.35
302640,119,1661,295.27,12.75,2.34,29.77,49.39
302910,119,1661,286.76,12.75,2.45,31.24,49.43
303181,119,1661,285.40,12.75,2.43,30.96,49.47
303452,119,1661,285.25,12.75,2.27,29.00,49.51
303722,119,1661,284.16,12.75,2.26,28.76,49.55
303993,119,1661,285.92,12.76,2.19,27.89,49.60
304264,119,1661,287.55,12.76,2.12,27.09,49.63
304535,119,1661,287.88,12.76,2.23,28.45,49.67
304805,119,1661,283.56,12.75,2.36,30.14,49.71
305077,119,1661,288.34,12.76,2.32,29.60,49.75
305347,119,1661,287.73,12.76,2.20,28.07,49.79
305618,119,1661,286.33,12.75,2.38,30.36,49.82
305889,119,1661,287.30,12.75,2.30,29.31,49.85
306160,119,1661,286.44,12.75,2.46,31.39,49.89
306702,120,1666,292.03,12.75,2.26,28.87,49.97
306972,120,1666,305.49,12.75,2.33,29.67,49.98
307244,120,1666,303.99,12.74,2.23,28.40,50.02
307515,120,1666,304.57,12.75,2.30,29.26,50.07
307785,120,1666,307.11,12.75,2.15,27.38,50.12
308057,120,1666,297.08,12.75,2.13,27.10,50.14
308327,120,1666,298.54,12.74,2.13,27.13,50.18
308597,120,1666,304.03,12.74,2.05,26.13,50.23
308869,120,1666,310.66,12.74,2.24,28.53,50.27
309139,120,1666,308.02,12.75,2.23,28.42,50.31
309410,120,1666,306.01,12.74,2.32,29.55,50.36
309681,120,1666,343.18,12.30,4.52,55.54,50.40
309952,120,1666,304.93,12.35,4.16,51.38,50.44
310222,120,1666,306.48,12.39,4.11,50.90,50.49
310494,120,1666,308.69,12.42,4.01,49.80,50.53
310764,120,1666,300.70,12.45,3.71,46.24,50.57
311035,120,1666,307.71,12.48,3.54,44.11,50.61
311306,120,1666,310.27,12.51,3.38,42.30,50.64
311577,120,1666,307.44,12.53,3.33,41.67,50.67
311847,120,1666,308.01,12.55,3.31,41.48,50.71
312119,120,1666,310.22,12.57,3.12,39.27,50.75
312389,120,1666,305.42,12.59,2.96,37.27,50.79
312660,120,1666,308.40,12.61,2.78,34.99,50.83
312931,120,1666,306.29,12.62,2.90,36.58,50.88
313202,120,1666,306.36,12.63,2.85,36.05,50.93
313473,120,1666,301.95,12.64,2.91,36.78,50.97
313744,120,1666,309.60,12.65,2.97,37.63,51.01
314014,120,1666,305.70,12.66,3.05,38.58,51.05
314286,120,1666,311.93,12.67,2.88,36.45,51.10
314556,120,1666,304.17,12.67,2.82,35.74,51.15
314826,120,1666,303.99,12.68,2.95,37.35,51.19
315098,120,1666,306.94,12.69,2.77,35.15,51.24
315368,120,1666,306.47,12.69,2.83,35.98,51.27
315639,120,1666,309.43,12.70,2.79,35.41,51.31
315910,120,1666,306.66,12.70,2.54,32.27,51.35
316181,120,1666,310.51,12.70,2.60,33.00,51.39
316723,121,1672,352.97,12.25,4.64,56.84,51.49
316993,121,1672,332.53,12.30,4.56,56.10,51.53
317264,121,1672,333.00,12.34,4.34,53.51,51.56
317535,121,1672,334.52,12.38,4.08,50.51,51.59
317805,121,1672,331.92,12.41,3.76,46.69,51.62
318076,121,1672,327.61,12.45,3.70,46.02,51.66
318347,121,1672,327.32,12.47,3.69,46.03,51.71
318618,121,1672,328.23,12.49,3.70,46.22,51.76
318888,121,1672,330.58,12.52,3.44,43.08,51.80
319160,121,1672,330.82,12.54,3.15,39.50,51.85
319430,121,1672,331.70,12.55,3.23,40.53,51.89
319702,121,1672,326.61,12.57,3.19,40.07,51.93
319972,121,1672,326.49,12.58,2.97,37.32,51.97
320243,121,1672,353.07,12.14,5.07,61.56,52.02
320514,121,1672,328.31,12.20,4.86,59.27,52.06
320785,121,1672,329.22,12.25,4.80,58.73,52.10
321055,121,1672,330.26,12.29,4.69,57.60,52.14
321327,121,1672,328.52,12.33,4.54,55.95,52.19
321597,121,1672,332.31,12.37,4.41,54.55,52.22
321868,121,1672,324.95,12.40,4.19,51.98,52.27
322139,121,1672,330.42,12.43,4.23,52.53,52.32
322410,121,1672,327.94,12.46,4.24,52.83,52.35
322680,121,1672,327.33,12.48,3.94,49.22,52.39
322951,121,1672,321.07,12.50,3.73,46.61,52.44
323222,121,1672,322.63,12.53,3.66,45.83,52.48
323492,121,1672,326.09,12.54,3.50,43.91,52.51
323764,121,1672,356.00,12.12,5.42,65.67,52.56
324034,121,1672,324.00,12.18,5.05,61.47,52.59
324305,121,1672,318.68,12.23,4.76,58.29,52.63
324576,121,1672,322.60,12.28,4.59,56.30,52.68
324847,121,1672,325.00,12.32,4.48,55.15,52.72
325117,121,1672,330.87,12.36,4.33,53.54,52.76
325389,121,1672,329.81,12.39,4.09,50.71,52.81
325659,121,1672,327.47,12.43,3.98,49.46,52.84
325931,121,1672,331.10,12.45,3.74,46.55,52.88
326201,121,1672,329.71,12.48,3.62,45.14,52.92
326743,122,1677,338.16,12.52,3.23,40.43,53.01
327013,122,1677,341.63,12.54,3.21,40.25,53.05
327284,122,1677,374.49,12.22,4.42,53.95,53.09
327556,122,1677,342.31,12.27,4.25,52.11,53.12
327826,122,1677,342.71,12.31,4.16,51.17,53.16
328097,122,1677,343.28,12.34,3.88,47.83,53.20
328368,122,1677,341.16,12.38,3.86,47.77,53.23
328638,122,1677,342.12,12.41,3.75,46.50,53.28
328909,122,1677,340.15,12.44,3.68,45.73,53.32
329180,122,1677,335.27,12.46,3.75,46.79,53.35
329451,122,1677,333.05,12.48,3.55,44.32,53.38
329721,122,1677,336.86,12.51,3.33,41.63,53.42
329993,122,1677,339.39,12.53,3.33,41.71,53.46
330263,122,1677,341.10,12.54,3.35,42.05,53.50
330534,122,1677,343.86,12.55,3.42,42.92,53.54
330805,122,1677,334.81,12.57,3.24,40.73,53.59
331076,122,1677,338.06,12.58,3.18,39.96,53.64
331346,122,1677,335.86,12.59,3.12,39.25,53.68
331618,122,1677,338.73,12.60,3.01,37.89,53.74
331888,122,1677,339.80,12.61,2.86,36.01,53.84
332160,122,1677,339.76,12.62,2.73,34.50,53.89
332430,122,1677,341.31,12.63,2.65,33.52,53.92
332701,122,1677,342.62,12.64,2.60,32.92,53.95
332972,122,1677,342.65,12.65,2.60,32.83,53.99
333243,122,1677,342.99,12.66,2.57,32.48,54.03
333513,122,1677,343.24,12.66,2.45,31.04,54.06
333785,122,1677,337.25,12.67,2.44,30.86,54.09
334055,122,1677,342.07,12.67,2.53,32.01,54.13
334325,122,1677,381.08,12.40,3.87,47.94,54.16
334597,122,1677,339.44,12.43,3.85,47.85,54.21
334867,122,1677,343.70,12.45,3.73,46.39,54.25
335138,122,1677,348.14,12.48,3.55,44.25,54.30
335409,122,1677,350.39,12.50,3.36,41.95,54.35
335680,122,1677,348.10,12.52,3.11,38.94,54.39
335950,122,1677,347.18,12.54,3.09,38.71,54.51
336222,122,1677,345.21,12.55,3.23,40.56,54.55
336763,123,1683,348.68,12.58,3.03,38.11,54.61
337034,123,1683,347.93,12.59,3.11,39.16,54.64
337305,123,1683,351.81,12.59,3.15,39.65,54.68
337575,123,1683,358.30,12.60,2.96,37.29,54.71
337847,123,1683,396.08,12.18,5.11,62.21,54.75
338117,123,1683,360.21,12.22,4.98,60.92,54.79
338388,123,1683,360.74,12.27,4.62,56.68,54.83
338659,123,1683,359.58,12.31,4.54,55.93,54.86
338929,123,1683,358.00,12.35,4.30,53.16,54.90
339201,123,1683,360.48,12.38,4.14,51.27,54.94
339471,123,1683,360.66,12.41,3.91,48.46,54.98
339742,123,1683,356.76,12.43,3.86,47.95,55.01
340013,123,1683,362.29,12.46,3.97,49.42,55.06
340284,123,1683,358.55,12.48,3.99,49.73,55.09
340554,123,1683,357.81,12.50,3.89,48.64,55.17
340826,123,1683,361.07,12.52,3.80,47.56,55.21
341096,123,1683,361.06,12.54,3.66,45.85,55.26
341367,123,1683,390.19,12.19,5.27,64.25,55.31
341638,123,1683,359.17,12.24,5.14,62.84,55.35
341909,123,1683,361.10,12.28,4.96,60.86,55.38
342179,123,1683,359.60,12.31,4.93,60.77,55.43
342451,123,1683,356.10,12.35,4.81,59.34,55.47
342721,123,1683,357.89,12.39,4.79,59.35,55.44
342992,123,1683,351.33,12.42,4.43,55.03,55.48
343263,123,1683,359.76,12.45,4.28,53.25,55.53
343533,123,1683,351.12,12.47,3.99,49.78,55.58
343804,123,1683,348.76,12.49,3.90,48.76,55.63
344075,123,1683,350.56,12.51,3.88,48.60,55.68
344346,123,1683,343.77,12.53,3.84,48.07,55.73
344616,123,1683,340.45,12.54,3.63,45.54,55.77
344888,123,1683,346.24,12.55,3.63,45.50,55.82
345158,123,1683,372.91,12.56,3.58,45.00,55.86
345430,123,1683,342.37,12.58,3.37,42.41,55.90
345700,123,1683,338.33,12.58,3.48,43.79,55.94
345971,123,1683,337.49,12.60,3.31,41.71,55.98
346242,123,1683,338.41,12.61,3.25,41.03,56.02
346783,124,1688,349.18,12.62,3.35,42.28,56.11
347055,124,1688,356.95,12.62,3.29,41.52,56.15
347325,124,1688,354.72,12.62,3.41,43.00,56.20
347596,124,1688,354.53,12.62,3.54,44.68,56.25
347867,124,1688,360.65,12.62,3.75,47.31,56.29
348138,124,1688,365.98,12.62,3.86,48.77,56.34
348408,124,1688,360.47,12.62,3.63,45.78,56.38
348680,124,1688,357.29,12.62,3.82,48.22,56.42
348950,124,1688,363.98,12.63,3.62,45.76,56.46
349221,124,1688,364.98,12.64,3.42,43.19,56.53
349492,124,1688,361.27,12.63,3.57,45.04,56.58
349763,124,1688,359.48,12.63,3.51,44.29,56.61
350033,124,1688,358.17,12.64,3.34,42.22,56.65
350305,124,1688,362.02,12.63,3.48,43.98,56.69
350575,124,1688,359.35,12.63,3.48,43.99,56.66
350846,124,1688,357.63,12.64,3.31,41.86,56.70
351117,124,1688,365.16,12.64,3.23,40.87,56.74
351388,124,1688,362.79,12.64,3.15,39.80,56.79
351659,124,1688,364.65,12.64,3.09,39.00,56.83
351930,124,1688,366.40,12.64,3.05,38.58,56.87
352200,124,1688,364.63,12.65,3.09,39.05,56.92
352472,124,1688,361.70,12.65,3.15,39.83,56.96
352742,124,1688,367.41,12.65,3.09,39.13,57.07
353013,124,1688,370.55,12.65,3.05,38.60,57.11
353284,124,1688,371.95,12.65,3.07,38.78,57.15
353555,124,1688,370.86,12.64,3.17,40.05,57.18
353825,124,1688,362.44,12.64,3.10,39.24,57.21
354096,124,1688,361.47,12.64,3.32,41.97,57.26
354367,124,1688,360.76,12.64,3.52,44.52,57.31
354638,124,1688,361.31,12.65,3.38,42.81,57.35
354909,124,1688,363.51,12.64,3.49,44.14,57.39
355179,124,1688,360.88,12.64,3.33,42.08,57.43
355450,124,1688,362.56,12.64,3.43,43.31,57.46
355722,124,1688,363.71,12.63,3.62,45.79,57.51
355992,124,1688,368.80,12.63,3.60,45.42,57.55
356262,124,1688,367.79,12.63,3.41,43.14,57.58
356804,125,1694,376.50,12.63,3.73,47.08,57.66
357075,125,1694,384.14,12.63,3.93,49.57,57.70
357346,125,1694,386.90,12.63,3.89,49.11,57.74
357617,125,1694,386.09,12.63,4.03,50.94,57.77
357888,125,1694,393.65,12.62,3.79,47.90,57.81
358159,125,1694,388.51,12.63,3.51,44.34,57.85
358429,125,1694,390.46,12.63,3.36,42.45,57.90
358701,125,1694,393.11,12.62,3.46,43.61,57.94
358971,125,1694,420.56,12.22,5.52,67.49,57.97
359242,125,1694,396.20,12.26,5.35,65.57,58.02
359513,125,1694,397.64,12.29,5.30,65.11,58.05
359784,125,1694,395.24,12.32,4.97,61.22,58.09
360054,125,1694,395.70,12.35,4.94,61.00,58.13
360326,125,1694,391.42,12.37,4.78,59.14,58.16
360596,125,1694,386.30,12.40,4.63,57.37,58.19
360867,125,1694,390.23,12.42,4.60,57.16,58.24
361138,125,1694,388.54,12.44,4.62,57.41,58.29
361409,125,1694,394.01,12.45,4.40,54.80,58.33
361679,125,1694,391.43,12.47,4.31,53.73,58.37
361950,125,1694,391.04,12.49,4.25,53.05,58.41
362221,125,1694,389.49,12.50,4.25,53.17,58.45
362491,125,1694,420.24,12.09,6.23,75.28,58.49
362763,125,1694,384.06,12.14,5.84,70.84,58.53
363033,125,1694,380.29,12.19,5.52,67.28,58.58
363304,125,1694,381.00,12.24,5.32,65.06,58.62
363575,125,1694,383.88,12.27,5.16,63.37,58.66
363846,125,1694,385.79,12.31,4.97,61.15,58.69
364116,125,1694,387.86,12.34,4.77,58.83,58.73
364388,125,1694,385.29,12.37,4.72,58.38,58.77
364658,125,1694,382.72,12.40,4.60,57.08,58.80
364930,125,1694,376.98,12.42,4.67,57.98,58.84
365200,125,1694,381.62,12.43,4.66,57.88,58.89
365471,125,1694,371.64,12.45,4.47,55.68,58.92
365742,125,1694,376.14,12.47,4.37,54.44,58.94
366012,125,1694,400.46,12.10,6.00,72.55,58.99
366283,125,1694,379.33,12.15,5.75,69.90,59.03
366825,126,1700,384.53,12.24,5.50,67.38,59.13
367095,126,1700,394.54,12.28,5.25,64.48,59.17
367367,126,1700,400.95,12.32,4.87,59.93,59.21
367637,126,1700,405.22,12.35,4.54,56.08,59.25
367908,126,1700,406.59,12.37,4.56,56.43,59.30
368179,126,1700,399.27,12.39,4.54,56.21,59.34
368450,126,1700,398.89,12.41,4.41,54.73,59.37
368720,126,1700,400.52,12.43,4.27,53.10,59.40
368992,126,1700,405.47,12.44,4.00,49.80,59.44
369262,126,1700,398.47,12.45,4.06,50.58,59.49
369532,126,1700,398.92,12.47,4.14,51.59,59.54
369804,126,1700,421.20,12.48,4.19,52.30,59.58
370074,126,1700,395.24,12.49,4.29,53.58,59.62
370345,126,1700,390.04,12.50,4.28,53.56,59.65
370616,126,1700,389.23,12.51,4.24,53.09,59.69
370887,126,1700,380.35,12.52,4.46,55.78,59.75
371158,126,1700,384.59,12.53,4.34,54.32,59.80
371429,126,1700,382.96,12.53,4.21,52.82,59.84
371699,126,1700,388.08,12.55,3.99,50.11,59.88
371971,126,1700,379.47,12.56,4.00,50.25,59.93
372241,126,1700,384.05,12.56,4.02,50.46,59.97
372512,126,1700,390.84,12.57,3.80,47.78,60.01
372783,126,1700,394.26,12.57,3.78,47.50,60.06
373054,126,1700,395.17,12.58,3.65,45.94,60.09
373324,126,1700,396.06,12.58,3.87,48.71,60.13
373596,126,1700,395.15,12.58,3.99,50.20,60.17
373866,126,1700,393.30,12.58,4.15,52.25,60.21
374137,126,1700,393.46,12.59,3.95,49.67,60.26
374408,126,1700,396.31,12.59,3.82,48.07,60.29
374678,126,1700,400.56,12.59,3.81,47.93,60.34
374949,126,1700,399.65,12.59,3.95,49.67,60.38
375220,126,1700,399.28,12.58,4.03,50.76,60.42
375491,126,1700,397.44,12.59,4.24,53.34,60.46
375761,126,1700,394.15,12.59,4.24,53.42,60.50
376033,126,1700,399.74,12.59,4.07,51.28,60.56
376303,126,1700,387.56,12.59,4.19,52.78,60.59
376845,127,1705,419.91,12.59,4.15,52.26,60.68
377116,127,1705,399.95,12.58,4.14,52.07,60.72
377387,127,1705,402.92,12.59,4.10,51.63,60.76
377658,127,1705,412.17,12.59,3.99,50.23,60.80
377928,127,1705,415.08,12.59,4.06,51.08,60.84
378200,127,1705,408.31,12.59,4.02,50.65,60.88
378470,127,1705,404.52,12.59,3.91,49.22,60.91
378741,127,1705,410.32,12.59,4.10,51.66,60.93
379012,127,1705,411.16,12.59,3.88,48.83,60.96
379283,127,1705,414.77,12.59,3.71,46.67,61.01
379553,127,1705,411.36,12.59,3.71,46.76,61.05
379825,127,1705,402.94,12.59,3.47,43.67,61.09
380095,127,1705,405.70,12.59,3.45,43.42,61.13
380365,127,1705,421.16,12.59,3.37,42.44,61.16
380637,127,1705,395.30,12.59,3.51,44.18,61.21
380907,127,1705,400.34,12.59,3.34,42.02,61.24
381178,127,1705,400.42,12.59,3.31,41.64,61.29
381449,127,1705,400.84,12.59,3.15,39.73,61.32
381720,127,1705,396.67,12.59,3.40,42.75,61.36
381990,127,1705,396.55,12.59,3.55,44.65,61.41
382262,127,1705,399.39,12.59,3.59,45.22,61.46
382532,127,1705,403.47,12.60,3.48,43.81,61.50
382803,127,1705,406.58,12.60,3.49,43.91,61.54
383074,127,1705,405.06,12.60,3.29,41.50,61.58
383345,127,1705,401.90,12.60,3.53,44.53,61.62
383616,127,1705,407.69,12.59,3.63,45.67,61.65
383887,127,1705,424.07,12.60,3.46,43.63,61.68
384157,127,1705,399.30,12.60,3.27,41.15,61.72
384428,127,1705,405.10,12.60,3.56,44.88,61.77
384699,127,1705,411.11,12.60,3.58,45.16,61.81
384969,127,1705,408.76,12.59,3.45,43.44,61.86
385241,127,1705,408.04,12.59,3.62,45.62,61.90
385511,127,1705,409.64,12.59,3.62,45.54,61.95
385782,127,1705,411.74,12.59,3.56,44.82,62.00
386053,127,1705,411.29,12.59,3.83,48.25,62.04
386324,127,1705,413.77,12.59,3.61,45.50,62.07
386865,128,1711,418.27,12.58,3.59,45.19,62.15
387136,128,1711,421.56,12.57,3.90,49.05,62.18
387406,128,1711,420.46,12.58,3.70,46.59,62.22
387678,128,1711,424.70,12.58,3.74,47.05,62.26
387949,128,1711,419.23,12.58,3.59,45.16,62.31
388219,128,1711,427.04,12.57,3.52,44.25,62.34
388490,128,1711,425.22,12.56,3.86,48.47,62.38
388761,128,1711,427.80,12.56,3.72,46.69,62.42
389031,128,1711,422.23,12.56,3.63,45.55,62.45
389303,128,1711,430.11,12.56,3.69,46.32,62.49
389573,128,1711,427.91,12.56,3.93,49.31,62.53
389844,128,1711,430.48,12.56,3.86,48.48,62.58
390115,128,1711,424.00,12.56,3.79,47.65,62.61
390386,128,1711,427.52,12.55,4.01,50.40,62.66
390657,128,1711,425.74,12.56,3.96,49.75,62.69
390928,128,1711,451.99,12.56,3.87,48.60,62.73
391198,128,1711,431.00,12.56,3.92,49.24,62.77
391470,128,1711,425.49,12.55,4.14,52.01,62.82
391740,128,1711,428.25,12.55,4.30,53.97,62.86
392010,128,1711,426.25,12.55,4.20,52.66,62.89
392282,128,1711,427.70,12.54,4.43,55.57,62.93
392552,128,1711,428.47,12.54,4.56,57.25,62.97
392823,128,1711,420.33,12.54,4.58,57.48,63.01
393094,128,1711,423.20,12.55,4.42,55.49,63.05
393365,128,1711,421.51,12.55,4.49,56.37,63.09
393635,128,1711,416.34,12.56,4.38,54.95,63.12
393907,128,1711,421.72,12.56,4.21,52.90,63.16
394177,128,1711,422.12,12.56,4.30,54.06,63.19
394448,128,1711,451.92,12.57,4.10,51.46,63.24
394719,128,1711,432.30,12.57,3.95,49.61,63.28
394990,128,1711,423.78,12.57,3.88,48.76,63.32
395260,128,1711,427.34,12.57,3.85,48.36,63.36
395532,128,1711,428.86,12.57,4.10,51.51,63.40
395802,128,1711,429.08,12.57,4.15,52.14,63.44
396073,128,1711,424.37,12.56,4.41,55.36,63.48
396344,128,1711,414.24,12.56,4.16,52.26,63.51
396886,129,1716,426.11,12.55,4.27,53.56,63.58
397156,129,1716,431.69,12.56,4.07,51.11,63.62
397427,129,1716,426.55,12.55,4.30,53.98,63.65
397698,129,1716,429.46,12.55,4.09,51.38,63.69
397969,129,1716,453.77,12.55,3.96,49.68,63.72
398239,129,1716,427.36,12.55,3.78,47.42,63.77
398511,129,1716,421.27,12.56,3.68,46.15,63.81
398781,129,1716,424.00,12.55,3.93,49.34,63.85
399052,129,1716,418.68,12.56,3.85,48.33,63.90
399323,129,1716,421.39,12.56,3.82,47.97,63.93
399594,129,1716,420.37,12.55,4.03,50.61,63.97
399864,129,1716,422.66,12.56,3.96,49.75,64.00
400135,129,1716,420.22,12.56,3.80,47.76,64.05
400406,129,1716,421.24,12.56,3.80,47.76,64.09
400676,129,1716,420.23,12.56,3.99,50.15,64.13
400948,129,1716,416.97,12.56,4.00,50.24,64.16
401219,129,1716,419.54,12.56,3.85,48.38,64.19
401489,129,1716,439.54,12.56,3.99,50.15,64.23
401761,129,1716,424.13,12.56,3.87,48.59,64.28
402031,129,1716,419.06,12.55,4.12,51.73,64.33
402302,129,1716,421.88,12.56,4.09,51.41,64.37
402573,129,1716,420.02,12.55,3.97,49.79,64.41
402843,129,1716,416.46,12.55,3.79,47.52,64.45
403115,129,1716,419.59,12.56,3.82,48.00,64.48
403385,129,1716,419.57,12.56,3.76,47.21,64.51
403656,129,1716,422.31,12.56,3.68,46.21,64.56
403927,129,1716,419.63,12.55,3.83,48.08,64.59
404198,129,1716,421.48,12.54,3.75,47.07,64.63
404468,129,1716,421.25,12.54,3.95,49.51,64.67
404740,129,1716,418.37,12.54,3.91,49.02,64.70
405010,129,1716,443.23,12.54,4.01,50.24,64.75
405281,129,1716,426.78,12.54,3.87,48.57,64.79
405552,129,1716,421.13,12.53,3.89,48.72,64.82
405822,129,1716,416.37,12.54,3.73,46.76,64.86
406093,129,1716,425.70,12.54,3.71,46.55,64.90
406364,129,1716,424.18,12.54,3.71,46.55,64.94
406905,130,1722,425.84,12.54,3.95,49.56,65.00
407177,130,1722,433.06,12.54,3.82,47.96,65.04
407447,130,1722,431.57,12.53,4.06,50.85,65.08
407718,130,1722,438.86,12.54,3.96,49.69,65.12
407989,130,1722,431.84,12.54,3.88,48.63,65.16
408260,130,1722,427.79,12.53,3.97,49.69,65.20
408530,130,1722,455.91,12.53,4.07,51.06,65.24
408802,130,1722,436.46,12.54,3.97,49.79,65.27
409072,130,1722,435.88,12.54,3.84,48.16,65.31
409344,130,1722,429.42,12.54,3.83,48.09,65.35
409614,130,1722,432.60,12.54,3.82,47.93,65.38
409885,130,1722,434.75,12.54,3.86,48.35,65.41
410156,130,1722,432.24,12.54,4.00,50.20,65.46
410426,130,1722,426.51,12.54,3.88,48.64,65.49
410697,130,1722,423.78,12.54,3.84,48.14,65.53
410968,130,1722,426.80,12.54,3.81,47.81,65.56
411239,130,1722,425.86,12.54,3.99,50.00,65.58
411509,130,1722,422.57,12.54,4.03,50.57,65.62
411781,130,1722,417.48,12.54,3.89,48.78,65.66
412051,130,1722,426.88,12.54,3.78,47.43,65.69
412322,130,1722,425.72,12.54,3.86,48.37,65.73
412593,130,1722,430.11,12.54,3.94,49.37,65.78
412864,130,1722,427.15,12.54,3.75,47.04,65.83
413134,130,1722,430.56,12.53,3.75,46.98,65.87
413406,130,1722,437.81,12.53,3.87,48.50,65.91
413676,130,1722,435.01,12.53,4.02,50.41,65.94
413947,130,1722,429.98,12.52,4.24,53.04,65.98
414218,130,1722,432.52,12.52,4.25,53.23,66.02
414489,130,1722,430.53,12.52,4.49,56.27,66.06
414759,130,1722,427.35,12.52,4.47,55.92,66.09
415031,130,1722,421.84,12.52,4.24,53.04,66.12
415301,130,1722,426.86,12.52,4.18,52.38,66.16
415572,130,1722,428.92,12.52,4.35,54.49,66.19
415843,130,1722,456.32,12.13,5.65,68.55,66.23
416113,130,1722,425.54,12.17,5.65,68.73,66.25
416385,130,1722,424.67,12.21,5.64,68.83,66.31
416926,131,1727,425.33,12.27,5.08,62.40,66.39
417197,131,1727,435.08,12.30,5.02,61.74,66.43
417468,131,1727,438.11,12.31,5.07,62.37,66.46
417738,131,1727,442.06,12.33,5.12,63.08,66.51
418010,131,1727,444.78,12.34,4.92,60.79,66.55
418280,131,1727,447.35,12.37,4.61,57.01,66.59
418550,131,1727,432.56,12.38,4.59,56.79,66.62
418822,131,1727,432.75,12.39,4.44,55.02,66.65
419092,131,1727,433.14,12.41,4.32,53.53,66.68
419363,131,1727,441.01,12.41,4.37,54.18,66.72
419634,131,1727,452.50,12.41,4.60,57.15,66.75
419905,131,1727,438.07,12.42,4.68,58.18,66.80
420176,131,1727,445.71,12.42,4.90,60.84,66.84
420447,131,1727,440.30,12.43,4.52,56.20,66.86
420718,131,1727,443.79,12.44,4.40,54.74,66.91
420988,131,1727,448.71,12.44,4.47,55.63,66.94
421259,131,1727,443.77,12.44,4.30,53.50,66.96
421530,131,1727,441.38,12.44,4.62,57.46,67.00
421800,131,1727,441.34,12.45,4.51,56.11,67.03
422072,131,1727,445.23,12.46,4.75,59.20,67.08
422342,131,1727,445.33,12.46,4.83,60.13,67.12
422614,131,1727,444.35,12.46,4.70,58.54,67.15
422884,131,1727,449.98,12.46,4.50,56.12,67.18
423155,131,1727,461.72,12.47,4.40,54.88,67.23
423426,131,1727,428.86,12.47,4.38,54.66,67.26
423697,131,1727,438.87,12.48,4.18,52.20,67.30
423967,131,1727,440.35,12.47,4.37,54.45,67.33
424238,131,1727,439.50,12.48,4.36,54.39,67.37
424509,131,1727,438.03,12.48,4.16,51.95,67.41
424779,131,1727,442.26,12.48,4.33,54.06,67.45
425051,131,1727,438.11,12.49,4.22,52.75,67.48
425321,131,1727,429.55,12.49,4.34,54.25,67.52
425592,131,1727,435.23,12.49,4.52,56.40,67.56
425863,131,1727,433.57,12.49,4.61,57.61,67.59
426134,131,1727,430.15,12.49,4.80,59.99,67.62
426404,131,1727,436.39,12.49,5.04,62.87,67.65
426946,132,1733,447.24,12.49,4.80,59.89,67.72
427216,132,1733,446.05,12.48,5.12,63.87,67.76
427488,132,1733,442.61,12.48,5.29,66.07,67.80
427758,132,1733,449.75,12.48,5.40,67.34,67.84
428029,132,1733,456.69,12.48,5.18,64.59,67.88
428300,132,1733,453.91,12.48,4.94,61.64,67.91
428571,132,1733,452.80,12.48,4.80,59.95,67.95
428841,132,1733,443.03,12.48,4.69,58.46,67.98
429113,132,1733,447.06,12.47,4.56,56.86,68.01
429383,132,1733,445.41,12.48,4.35,54.33,68.05
429654,132,1733,441.59,12.47,4.53,56.55,68.09
429925,132,1733,450.86,12.46,4.67,58.26,68.12
430195,132,1733,451.00,12.47,4.61,57.46,68.17
430467,132,1733,478.53,12.10,5.98,72.42,68.21
430737,132,1733,450.12,12.14,5.79,70.25,68.24
431008,132,1733,452.20,12.17,5.81,70.71,68.26
431279,132,1733,451.36,12.21,5.73,69.95,68.31
431550,132,1733,453.11,12.23,5.43,66.37,68.33
431820,132,1733,452.30,12.25,5.52,67.64,68.37
432092,132,1733,456.35,12.27,5.21,63.89,68.40
432362,132,1733,457.29,12.30,5.00,61.55,68.45
432633,132,1733,461.09,12.32,4.90,60.31,68.48
432904,132,1733,453.09,12.34,5.02,61.87,68.52
433175,132,1733,454.74,12.35,5.33,65.79,68.57
433445,132,1733,456.92,12.36,5.08,62.77,68.59
433717,132,1733,453.13,12.37,5.25,64.99,68.62
433987,132,1733,485.93,12.11,7.08,85.69,68.65
434257,132,1733,456.52,12.14,6.91,83.90,68.68
434529,132,1733,457.06,12.17,6.84,83.26,68.71
434799,132,1733,460.70,12.19,6.65,81.05,68.75
435070,132,1733,463.54,12.22,6.63,81.06,68.79
435341,132,1733,458.24,12.24,6.38,78.08,68.82
435612,132,1733,462.74,12.27,6.08,74.60,68.85
435883,132,1733,460.93,12.29,5.90,72.47,68.88
436154,132,1733,464.65,12.31,5.69,69.97,68.93
436424,132,1733,460.86,12.32,5.50,67.81,68.97
436966,133,1738,461.38,12.35,5.49,67.83,69.05
437237,133,1738,467.20,12.37,5.48,67.81,69.08
437508,133,1738,463.64,12.38,5.26,65.11,69.11
437779,133,1738,463.17,12.38,5.23,64.79,69.14
438049,133,1738,464.84,12.39,5.29,65.61,69.18
438321,133,1738,467.25,12.40,5.19,64.32,69.24
438591,133,1738,467.85,12.40,5.21,64.61,69.27
438862,133,1738,461.26,12.41,5.03,62.41,69.36
439133,133,1738,463.07,12.41,4.82,59.89,69.39
439404,133,1738,463.02,12.43,4.61,57.28,69.42
439674,133,1738,462.49,12.44,4.48,55.74,69.44
439946,133,1738,466.11,12.44,4.63,57.63,69.46
440216,133,1738,466.03,12.44,4.65,57.80,69.48
440487,133,1738,462.61,12.45,4.50,56.03,69.51
440758,133,1738,462.30,12.45,4.84,60.19,69.54
441029,133,1738,482.59,12.17,6.41,78.01,69.58
441299,133,1738,463.68,12.19,6.48,79.05,69.62
441570,133,1738,470.17,12.23,6.12,74.88,69.63
441841,133,1738,466.37,12.25,6.10,74.70,69.66
442112,133,1738,463.22,12.28,5.93,72.82,69.70
442383,133,1738,462.53,12.29,5.95,73.16,69.74
442653,133,1738,465.11,12.30,5.81,71.49,69.77
442925,133,1738,467.82,12.32,5.62,69.21,69.80
443195,133,1738,471.01,12.33,5.78,71.29,69.83
443466,133,1738,475.01,12.35,5.73,70.77,69.87
443737,133,1738,480.15,12.36,5.41,66.86,69.90
444008,133,1738,477.36,12.37,5.31,65.62,69.88
444278,133,1738,468.15,12.38,5.15,63.68,69.92
444550,133,1738,478.58,12.38,4.99,61.86,69.96
444820,133,1738,507.12,12.39,5.29,65.51,70.00
445090,133,1738,485.83,12.39,5.31,65.77,70.02
445362,133,1738,482.43,12.39,5.30,65.72,70.00
445632,133,1738,486.80,12.40,5.48,67.90,70.03
445903,133,1738,482.93,12.39,5.48,67.89,70.08
446174,133,1738,484.46,12.39,5.53,68.56,70.12
446445,133,1738,491.71,12.40,5.43,67.36,70.15
446987,134,1744,491.45,12.41,5.51,68.35,70.23
447257,134,1744,495.73,12.42,5.45,67.72,70.27
447528,134,1744,500.69,12.42,5.32,66.13,70.30
447799,134,1744,498.56,12.42,5.65,70.21,70.33
448070,134,1744,502.94,12.43,5.43,67.44,70.36
448340,134,1744,515.57,12.43,5.17,64.22,70.40
448612,134,1744,493.58,12.43,5.27,65.51,70.44
448882,134,1744,493.70,12.42,5.08,63.09,70.48
449153,134,1744,497.98,12.42,5.32,66.09,70.51
449424,134,1744,495.39,12.42,5.14,63.89,70.53
449694,134,1744,490.03,12.42,5.14,63.87,70.57
449966,134,1744,486.50,12.42,5.25,65.20,70.60
450236,134,1744,486.36,12.42,5.04,62.66,70.63
450507,134,1744,482.31,12.43,5.01,62.33,70.68
450778,134,1744,481.51,12.43,5.17,64.18,70.72
451049,134,1744,477.52,12.43,5.01,62.29,70.75
451319,134,1744,478.95,12.43,4.77,59.29,70.77
451591,134,1744,477.52,12.43,4.83,60.02,70.81
451861,134,1744,480.02,12.43,5.18,64.39,70.85
452132,134,1744,482.08,12.43,5.06,62.95,70.88
452403,134,1744,475.99,12.43,5.28,65.58,70.92
452674,134,1744,474.82,12.42,5.18,64.35,70.96
452944,134,1744,474.57,12.43,5.33,66.21,70.99
453216,134,1744,477.34,12.43,5.04,62.64,71.02
453486,134,1744,483.45,12.42,5.29,65.66,71.05
453756,134,1744,485.69,12.42,5.46,67.83,71.09
454028,134,1744,488.34,12.43,5.49,68.17,71.12
454298,134,1744,483.66,12.43,5.39,67.00,71.16
454569,134,1744,481.90,12.43,5.10,63.44,71.18
454840,134,1744,482.79,12.43,4.87,60.59,71.21
455111,134,1744,474.15,12.42,4.83,60.03,71.23
455382,134,1744,498.55,12.42,4.76,59.19,71.27
455653,134,1744,479.59,12.42,4.70,58.33,71.30
455923,134,1744,477.29,12.42,4.78,59.30,71.32
456195,134,1744,472.18,12.42,5.16,64.03,71.35
456465,134,1744,476.78,12.42,5.23,64.90,71.38
457007,135,1750,481.91,12.42,5.01,62.23,71.45
457277,135,1750,483.03,12.42,5.29,65.78,71.47
457548,135,1750,484.43,12.43,5.23,64.93,71.51
457819,135,1750,489.74,12.43,5.10,63.41,71.54
458090,135,1750,495.50,12.43,5.09,63.26,71.57
458360,135,1750,487.19,12.43,5.02,62.38,71.60
458632,135,1750,477.85,12.44,5.05,62.81,71.62
458902,135,1750,489.63,12.44,4.95,61.52,71.66
459172,135,1750,529.36,12.31,5.69,70.04,71.69
459444,135,1750,502.38,12.31,5.69,70.08,71.74
459714,135,1750,502.54,12.32,5.93,73.04,71.76
459985,135,1750,494.97,12.33,5.64,69.55,71.78
460256,135,1750,493.17,12.33,5.89,72.67,71.82
460527,135,1750,496.85,12.35,5.78,71.33,71.85
460797,135,1750,501.76,12.36,5.64,69.76,71.87
461069,135,1750,497.11,12.36,5.88,72.69,71.91
461339,135,1750,507.87,12.36,6.15,76.04,71.95
461611,135,1750,501.86,12.36,6.23,76.99,71.98
461881,135,1750,508.93,12.37,6.19,76.58,72.00
462152,135,1750,506.58,12.38,6.11,75.66,72.03
462423,135,1750,507.86,12.38,6.03,74.63,72.07
462694,135,1750,535.41,12.09,7.68,92.90,72.10
462964,135,1750,506.36,12.12,7.35,89.10,72.13
463235,135,1750,504.33,12.15,7.34,89.21,72.15
463506,135,1750,507.56,12.16,7.41,90.14,72.18
463776,135,1750,500.82,12.19,7.29,88.88,72.21
464048,135,1750,500.76,12.21,7.29,89.01,72.24
464318,135,1750,503.13,12.23,7.20,88.01,72.27
464589,135,1750,504.34,12.25,7.21,88.31,72.30
464860,135,1750,507.11,12.26,6.92,84.83,72.32
465131,135,1750,508.22,12.27,6.84,83.86,72.34
465401,135,1750,510.00,12.29,6.61,81.15,72.37
465673,135,1750,502.78,12.30,6.77,83.21,72.40
465943,135,1750,507.55,12.31,6.79,83.52,72.43
466214,135,1750,535.04,12.15,8.01,97.29,72.47
466485,135,1750,501.12,12.18,7.69,93.63,72.50
467297,136,1755,500.53,12.24,6.95,85.09,72.59
467568,136,1755,505.20,12.26,6.56,80.40,72.62
467838,136,1755,504.32,12.27,6.41,78.63,72.65
468110,136,1755,497.94,12.29,6.58,80.88,72.68
468380,136,1755,502.10,12.30,6.64,81.62,72.70
468652,136,1755,501.37,12.31,6.59,81.07,72.74
468922,136,1755,499.67,12.31,6.45,79.39,72.77
469192,136,1755,508.98,12.32,6.32,77.87,72.80
469464,136,1755,501.71,12.32,6.49,79.99,72.83
469734,136,1755,501.10,12.33,6.20,76.42,72.90
470005,136,1755,519.89,12.33,6.40,78.95,72.93
470276,136,1755,502.72,12.34,6.05,74.64,72.94
470547,136,1755,499.97,12.35,5.92,73.08,72.97
470817,136,1755,495.60,12.35,5.82,71.85,72.99
471089,136,1755,493.53,12.36,5.84,72.23,73.03
471359,136,1755,501.19,12.37,6.04,74.66,73.06
471630,136,1755,495.22,12.37,6.07,75.09,73.08
471901,136,1755,497.29,12.37,5.71,70.62,73.10
472172,136,1755,498.18,12.37,6.00,74.19,73.14
472442,136,1755,495.13,12.38,5.69,70.49,73.16
472714,136,1755,489.37,12.37,5.82,72.04,73.19
472984,136,1755,489.93,12.38,6.03,74.57,73.22
473254,136,1755,491.23,12.37,6.28,77.64,73.26
473526,136,1755,501.58,12.37,6.03,74.64,73.30
473796,136,1755,497.08,12.37,6.12,75.70,73.33
474067,136,1755,502.71,12.37,6.38,78.93,73.36
474338,136,1755,509.18,12.37,6.14,76.04,73.39
474608,136,1755,508.11,12.38,6.06,74.97,73.42
474880,136,1755,509.46,12.37,6.27,77.63,73.46
475150,136,1755,513.03,12.38,6.22,77.04,73.49
475421,136,1755,513.47,12.37,6.20,76.74,73.51
475692,136,1755,514.15,12.37,6.02,74.48,73.54
475963,136,1755,520.62,12.37,6.26,77.39,73.56
476233,136,1755,517.19,12.37,6.00,74.25,73.58
476505,136,1755,510.48,12.37,5.82,71.96,73.60
476775,136,1755,512.49,12.37,5.97,73.82,73.63
477317,137,1761,508.62,12.38,5.48,67.81,73.68
477587,137,1761,508.89,12.39,5.29,65.56,73.71
477858,137,1761,514.86,12.39,5.32,65.92,73.75
478129,137,1761,513.87,12.40,5.18,64.24,73.77
478400,137,1761,512.49,12.39,5.47,67.80,73.80
478670,137,1761,511.56,12.39,5.58,69.12,73.81
478942,137,1761,511.25,12.39,5.92,73.29,73.83
479212,137,1761,509.88,12.38,5.88,72.81,73.87
479482,137,1761,512.44,12.38,5.80,71.77,73.90
479754,137,1761,512.34,12.38,6.02,74.58,73.92
480024,137,1761,517.02,12.37,5.78,71.48,73.95
480295,137,1761,513.20,12.37,6.10,75.45,73.98
480566,137,1761,509.93,12.37,6.13,75.85,74.00
480837,137,1761,539.96,12.14,7.73,93.86,74.03
481107,137,1761,514.28,12.16,7.58,92.23,74.06
481379,137,1761,515.76,12.17,7.65,93.11,74.08
481649,137,1761,512.99,12.20,7.47,91.09,74.12
481921,137,1761,510.99,12.21,7.42,90.57,74.15
482191,137,1761,500.82,12.22,7.43,90.86,74.18
482462,137,1761,512.87,12.23,7.16,87.53,74.21
482733,137,1761,518.05,12.24,7.17,87.83,74.23
483004,137,1761,517.65,12.25,7.07,86.54,74.27
483274,137,1761,518.22,12.26,6.99,85.71,74.30
483546,137,1761,513.32,12.28,6.68,82.09,74.33
483816,137,1761,516.02,12.29,6.93,85.10,74.35
484087,137,1761,519.75,12.30,6.51,80.05,74.37
484358,137,1761,539.24,11.93,7.89,94.18,74.41
484629,137,1761,521.16,11.98,7.39,88.47,74.44
484899,137,1761,523.93,12.00,7.40,88.79,74.47
485171,137,1761,525.68,12.04,6.99,84.17,74.49
485441,137,1761,519.89,12.07,6.59,79.51,74.51
485711,137,1761,522.92,12.10,6.32,76.49,74.55
485983,137,1761,516.96,12.12,6.25,75.78,74.56
486253,137,1761,524.52,12.14,6.00,72.82,74.59
486524,137,1761,519.48,12.17,5.78,70.30,74.62
486795,137,1761,518.80,12.19,5.59,68.18,74.66
487336,138,1766,520.41,12.22,5.58,68.21,74.71
487608,138,1766,533.97,12.23,5.34,65.33,74.73
487878,138,1766,546.29,11.92,7.00,83.43,74.76
488150,138,1766,526.48,11.97,7.05,84.34,74.78
488420,138,1766,523.41,12.00,6.86,82.27,74.80
488691,138,1766,523.44,12.03,6.75,81.21,74.82
488962,138,1766,529.92,12.06,6.73,81.19,74.85
489233,138,1766,521.54,12.08,6.72,81.17,74.88
489503,138,1766,532.74,12.11,6.42,77.76,74.90
489775,138,1766,535.53,12.14,6.41,77.78,74.94
490045,138,1766,541.95,12.17,6.15,74.84,74.96
490315,138,1766,538.29,12.18,6.18,75.31,74.99
490587,138,1766,528.45,12.20,6.34,77.39,75.02
490857,138,1766,527.59,12.22,6.06,73.99,75.04
491128,138,1766,533.21,12.22,6.37,77.85,75.06
491399,138,1766,566.62,12.01,7.53,90.39,75.08
491670,138,1766,539.76,12.05,7.33,88.29,75.11
491940,138,1766,534.60,12.07,7.48,90.24,75.14
492212,138,1766,539.79,12.09,7.10,85.87,75.17
492482,138,1766,539.30,12.12,7.14,86.53,75.19
492753,138,1766,536.39,12.13,6.90,83.73,75.21
493025,138,1766,540.88,12.15,6.60,80.25,75.24
493295,138,1766,541.51,12.17,6.74,81.97,75.27
493565,138,1766,537.05,12.20,6.73,82.07,75.30
493837,138,1766,541.73,12.21,6.61,80.62,75.32
494107,138,1766,537.17,12.23,6.66,81.38,75.34
494379,138,1766,534.25,12.24,6.62,81.03,75.38
494649,138,1766,535.50,12.25,6.66,81.61,75.41
494920,138,1766,555.29,11.88,8.34,99.15,75.43
495191,138,1766,532.91,11.93,8.12,96.87,75.46
495462,138,1766,526.35,11.98,7.94,95.04,75.48
495732,138,1766,524.24,12.01,7.72,92.75,75.50
496004,138,1766,518.34,12.04,7.73,93.08,75.52
496274,138,1766,529.09,12.08,7.39,89.33,75.55
496545,138,1766,524.45,12.11,7.36,89.17,75.59
496816,138,1766,524.21,12.13,7.47,90.67,75.62
497357,139,1772,524.61,12.17,7.34,89.32,75.67
497628,139,1772,529.51,12.20,7.12,86.80,75.70
497899,139,1772,530.19,12.21,6.91,84.36,75.72
498169,139,1772,532.38,12.21,6.86,83.71,75.75
498441,139,1772,553.77,12.14,7.93,96.29,75.77
498711,139,1772,536.04,12.15,7.81,94.84,75.78
498982,139,1772,544.59,12.16,7.46,90.80,75.80
499253,139,1772,540.13,12.18,7.38,89.88,75.83
499524,139,1772,547.60,12.20,7.36,89.77,75.85
499794,139,1772,543.15,12.21,7.12,86.90,75.88
500066,139,1772,547.36,12.22,7.14,87.26,75.91
500336,139,1772,555.91,12.23,7.15,87.52,75.94
500608,139,1772,550.57,12.25,7.04,86.20,75.97
500878,139,1772,552.28,12.24,6.97,85.28,75.99
501149,139,1772,551.30,12.25,7.06,86.53,76.02
501420,139,1772,552.85,12.25,7.34,89.95,76.05
501690,139,1772,537.64,12.26,7.37,90.36,76.07
501961,139,1772,560.65,12.17,8.81,107.21,76.10
502233,139,1772,538.51,12.19,8.33,101.59,76.12
502503,139,1772,540.40,12.20,7.96,97.20,76.15
502773,139,1772,539.44,12.21,8.04,98.14,76.17
503045,139,1772,534.91,12.22,7.76,94.78,76.20
503315,139,1772,536.45,12.24,7.65,93.60,76.22
503586,139,1772,533.80,12.25,7.36,90.18,76.24
503857,139,1772,534.98,12.26,7.10,87.04,76.27
504128,139,1772,538.15,12.26,7.07,86.70,76.29
504398,139,1772,536.97,12.28,6.75,82.85,76.31
504670,139,1772,539.73,12.28,6.49,79.70,76.34
504940,139,1772,539.74,12.29,6.60,81.04,76.37
505211,139,1772,535.27,12.29,6.78,83.37,76.40
505482,139,1772,535.14,12.30,6.77,83.30,76.42
505753,139,1772,544.23,12.31,6.66,82.02,76.44
506023,139,1772,543.01,12.31,6.61,81.41,76.46
506295,139,1772,540.68,12.31,6.71,82.57,76.46
506565,139,1772,528.42,12.31,6.45,79.32,76.49
506836,139,1772,526.06,12.31,6.58,80.99,76.52
507378,140,1777,530.28,12.32,6.51,80.22,76.57
507649,140,1777,546.25,12.31,6.27,77.20,76.59
507920,140,1777,543.89,12.31,6.30,77.58,76.61
508190,140,1777,541.12,12.31,6.53,80.39,76.63
508462,140,1777,540.23,12.31,6.46,79.46,76.66
508732,140,1777,545.72,12.30,6.77,83.27,76.69
509003,140,1777,562.92,11.93,8.45,100.76,76.72
509274,140,1777,544.64,11.96,8.49,101.56,76.75
509544,140,1777,538.75,11.99,8.12,97.40,76.80
509815,140,1777,548.23,12.02,7.56,90.90,76.82
510086,140,1777,545.63,12.04,7.76,93.36,76.84
510357,140,1777,544.95,12.07,7.47,90.18,76.86
510627,140,1777,539.58,12.09,7.62,92.12,76.88
510899,140,1777,538.45,12.11,7.22,87.47,76.91
511169,140,1777,540.80,12.13,7.18,87.13,76.94
511440,140,1777,547.17,12.15,7.47,90.74,76.96
511711,140,1777,537.09,12.17,7.48,91.00,76.98
511982,140,1777,539.06,12.18,7.72,94.06,77.01
512252,140,1777,543.32,12.19,7.93,96.65,77.03
512523,140,1777,547.11,12.16,7.94,96.54,77.06
512794,140,1777,541.94,12.18,7.62,92.79,77.08
513064,140,1777,544.43,12.20,7.35,89.59,77.11
513336,140,1777,541.89,12.21,7.07,86.36,77.13
513606,140,1777,536.92,12.23,6.85,83.70,77.15
513878,140,1777,531.56,12.24,6.44,78.85,77.16
514148,140,1777,537.74,12.24,6.54,80.06,77.19
514419,140,1777,542.66,12.25,6.30,77.17,77.22
514690,140,1777,544.83,12.26,6.09,74.73,77.23
514961,140,1777,530.54,12.27,6.07,74.49,77.25
515231,140,1777,535.97,12.27,5.87,72.06,77.27
515503,140,1777,526.49,12.28,6.08,74.64,77.30
515773,140,1777,521.09,12.29,6.17,75.85,77.33
516043,140,1777,526.70,12.28,6.39,78.45,77.36
516315,140,1777,545.30,12.28,6.62,81.35,77.38
516585,140,1777,516.31,12.29,6.42,78.87,77.40
516856,140,1777,522.24,12.29,6.64,81.57,77.43
517398,141,1077,249.65,12.29,6.54,80.35,77.47
517669,141,1077,-16.54,12.36,5.86,72.45,77.50
517940,141,1077,-454.73,12.38,5.92,73.31,77.52
518210,141,1077,-816.32,12.09,6.80,82.16,77.54
518481,141,1077,-683.53,11.84,8.25,97.72,77.57
518752,141,1077,-666.46,11.60,8.68,100.77,77.60
519023,141,1077,-649.31,11.39,9.82,111.91,77.63
519293,141,1077,-630.41,11.18,10.69,119.51,77.65
519565,141,1077,-638.81,11.00,11.46,126.09,77.67
519835,141,1077,-653.41,10.81,11.55,124.81,77.69
520107,141,1077,-642.78,10.65,12.23,130.27,77.71
520377,141,1077,-625.99,10.49,12.45,130.57,77.74
520648,141,1077,-628.53,10.35,13.12,135.89,77.76
520919,141,1077,-616.27,10.23,13.26,135.73,77.79
521190,141,1077,-603.38,10.17,13.28,135.01,77.81
521460,141,1077,-643.68,10.13,14.03,142.09,77.83
521731,141,1077,-621.41,10.06,14.65,147.42,77.84
522002,141,1077,-624.05,10.00,14.70,146.96,77.87
522272,141,1077,-610.53,9.93,15.24,151.36,77.90
522544,141,1077,-590.38,9.84,15.33,150.90,77.92
522814,141,1077,-622.07,9.77,14.95,145.99,77.94
